dyad,subject,roll,pips
2,2_a,1,2
2,2_a,2,2
2,2_a,3,5
2,2_a,4,5
2,2_a,5,3
2,2_a,6,6
2,2_a,7,4
2,2_a,8,5
2,2_a,9,4
2,2_a,10,2
2,2_a,11,6
2,2_a,12,6
2,2_b,1,1
2,2_b,2,4
2,2_b,3,4
2,2_b,4,2
2,2_b,5,6
2,2_b,6,3
2,2_b,7,6
2,2_b,8,3
2,2_b,9,5
2,2_b,10,3
2,2_b,11,5
2,2_b,12,3
3,3_a,1,2
3,3_a,2,6
3,3_a,3,4
3,3_a,4,1
3,3_a,5,5
3,3_a,6,4
3,3_a,7,1
3,3_a,8,3
3,3_a,9,3
3,3_a,10,6
3,3_a,11,3
3,3_a,12,5
3,3_b,1,1
3,3_b,2,6
3,3_b,3,5
3,3_b,4,6
3,3_b,5,1
3,3_b,6,4
3,3_b,7,2
3,3_b,8,3
3,3_b,9,1
3,3_b,10,2
3,3_b,11,2
3,3_b,12,1
4,4_a,1,1
4,4_a,2,6
4,4_a,3,5
4,4_a,4,2
4,4_a,5,2
4,4_a,6,2
4,4_a,7,5
4,4_a,8,5
4,4_a,9,4
4,4_a,10,6
4,4_a,11,5
4,4_a,12,3
4,4_b,1,4
4,4_b,2,5
4,4_b,3,5
4,4_b,4,1
4,4_b,5,5
4,4_b,6,5
4,4_b,7,5
4,4_b,8,5
4,4_b,9,3
4,4_b,10,6
4,4_b,11,6
4,4_b,12,5
5,5_a,1,5
5,5_a,2,6
5,5_a,3,2
5,5_a,4,2
5,5_a,5,2
5,5_a,6,4
5,5_a,7,3
5,5_a,8,4
5,5_a,9,6
5,5_a,10,1
5,5_a,11,6
5,5_a,12,6
5,5_b,1,2
5,5_b,2,5
5,5_b,3,6
5,5_b,4,5
5,5_b,5,6
5,5_b,6,3
5,5_b,7,3
5,5_b,8,2
5,5_b,9,5
5,5_b,10,4
5,5_b,11,1
5,5_b,12,5
6,6_a,1,5
6,6_a,2,1
6,6_a,3,4
6,6_a,4,4
6,6_a,5,3
6,6_a,6,3
6,6_a,7,1
6,6_a,8,2
6,6_a,9,5
6,6_a,10,4
6,6_a,11,5
6,6_a,12,5
6,6_b,1,1
6,6_b,2,5
6,6_b,3,6
6,6_b,4,3
6,6_b,5,6
6,6_b,6,5
6,6_b,7,6
6,6_b,8,2
6,6_b,9,5
6,6_b,10,6
6,6_b,11,5
6,6_b,12,5
7,7_a,1,6
7,7_a,2,6
7,7_a,3,3
7,7_a,4,4
7,7_a,5,4
7,7_a,6,1
7,7_a,7,4
7,7_a,8,1
7,7_a,9,5
7,7_a,10,6
7,7_a,11,5
7,7_a,12,4
7,7_b,1,2
7,7_b,2,4
7,7_b,3,6
7,7_b,4,5
7,7_b,5,6
7,7_b,6,3
7,7_b,7,1
7,7_b,8,6
7,7_b,9,4
7,7_b,10,3
7,7_b,11,3
7,7_b,12,2
9,9_a,1,5
9,9_a,2,5
9,9_a,3,6
9,9_a,4,3
9,9_a,5,5
9,9_a,6,3
9,9_a,7,6
9,9_a,8,2
9,9_a,9,4
9,9_a,10,6
9,9_a,11,4
9,9_a,12,5
9,9_b,1,6
9,9_b,2,5
9,9_b,3,6
9,9_b,4,4
9,9_b,5,6
9,9_b,6,3
9,9_b,7,2
9,9_b,8,4
9,9_b,9,4
9,9_b,10,5
9,9_b,11,4
9,9_b,12,6
11,11_a,1,5
11,11_a,2,2
11,11_a,3,4
11,11_a,4,1
11,11_a,5,5
11,11_a,6,2
11,11_a,7,3
11,11_a,8,3
11,11_a,9,1
11,11_a,10,4
11,11_a,11,6
11,11_a,12,5
11,11_b,1,4
11,11_b,2,6
11,11_b,3,4
11,11_b,4,5
11,11_b,5,3
11,11_b,6,5
11,11_b,7,5
11,11_b,8,6
11,11_b,9,3
11,11_b,10,2
11,11_b,11,6
11,11_b,12,4
13,13_a,1,3
13,13_a,2,3
13,13_a,3,5
13,13_a,4,3
13,13_a,5,4
13,13_a,6,1
13,13_a,7,1
13,13_a,8,3
13,13_a,9,5
13,13_a,10,3
13,13_a,11,2
13,13_a,12,5
13,13_b,1,2
13,13_b,2,5
13,13_b,3,5
13,13_b,4,1
13,13_b,5,6
13,13_b,6,4
13,13_b,7,6
13,13_b,8,NA
13,13_b,9,5
13,13_b,10,1
13,13_b,11,3
13,13_b,12,6
14,14_a,1,6
14,14_a,2,4
14,14_a,3,6
14,14_a,4,4
14,14_a,5,6
14,14_a,6,5
14,14_a,7,6
14,14_a,8,4
14,14_a,9,5
14,14_a,10,6
14,14_a,11,5
14,14_a,12,5
14,14_b,1,2
14,14_b,2,5
14,14_b,3,2
14,14_b,4,2
14,14_b,5,5
14,14_b,6,5
14,14_b,7,5
14,14_b,8,6
14,14_b,9,6
14,14_b,10,6
14,14_b,11,1
14,14_b,12,4
15,15_a,1,4
15,15_a,2,5
15,15_a,3,6
15,15_a,4,6
15,15_a,5,3
15,15_a,6,3
15,15_a,7,2
15,15_a,8,1
15,15_a,9,4
15,15_a,10,4
15,15_a,11,2
15,15_a,12,2
15,15_b,1,5
15,15_b,2,4
15,15_b,3,4
15,15_b,4,3
15,15_b,5,4
15,15_b,6,2
15,15_b,7,1
15,15_b,8,4
15,15_b,9,2
15,15_b,10,1
15,15_b,11,3
15,15_b,12,1
16,16_a,1,3
16,16_a,2,6
16,16_a,3,4
16,16_a,4,5
16,16_a,5,5
16,16_a,6,6
16,16_a,7,5
16,16_a,8,5
16,16_a,9,3
16,16_a,10,5
16,16_a,11,6
16,16_a,12,4
16,16_b,1,4
16,16_b,2,6
16,16_b,3,2
16,16_b,4,5
16,16_b,5,1
16,16_b,6,6
16,16_b,7,5
16,16_b,8,6
16,16_b,9,6
16,16_b,10,6
16,16_b,11,4
16,16_b,12,4
17,17_a,1,5
17,17_a,2,5
17,17_a,3,6
17,17_a,4,6
17,17_a,5,2
17,17_a,6,4
17,17_a,7,6
17,17_a,8,1
17,17_a,9,5
17,17_a,10,1
17,17_a,11,6
17,17_a,12,1
17,17_b,1,4
17,17_b,2,1
17,17_b,3,1
17,17_b,4,5
17,17_b,5,4
17,17_b,6,2
17,17_b,7,4
17,17_b,8,1
17,17_b,9,3
17,17_b,10,1
17,17_b,11,3
17,17_b,12,4
18,18_a,1,6
18,18_a,2,4
18,18_a,3,4
18,18_a,4,3
18,18_a,5,5
18,18_a,6,2
18,18_a,7,6
18,18_a,8,6
18,18_a,9,3
18,18_a,10,4
18,18_a,11,4
18,18_a,12,6
18,18_b,1,5
18,18_b,2,5
18,18_b,3,6
18,18_b,4,5
18,18_b,5,3
18,18_b,6,6
18,18_b,7,5
18,18_b,8,2
18,18_b,9,6
18,18_b,10,5
18,18_b,11,3
18,18_b,12,4
19,19_a,1,5
19,19_a,2,5
19,19_a,3,6
19,19_a,4,6
19,19_a,5,3
19,19_a,6,5
19,19_a,7,4
19,19_a,8,4
19,19_a,9,6
19,19_a,10,5
19,19_a,11,6
19,19_a,12,1
19,19_b,1,4
19,19_b,2,4
19,19_b,3,4
19,19_b,4,6
19,19_b,5,1
19,19_b,6,5
19,19_b,7,6
19,19_b,8,5
19,19_b,9,6
19,19_b,10,4
19,19_b,11,4
19,19_b,12,3
20,20_a,1,4
20,20_a,2,6
20,20_a,3,4
20,20_a,4,6
20,20_a,5,5
20,20_a,6,6
20,20_a,7,5
20,20_a,8,4
20,20_a,9,6
20,20_a,10,5
20,20_a,11,4
20,20_a,12,6
20,20_b,1,5
20,20_b,2,4
20,20_b,3,6
20,20_b,4,6
20,20_b,5,6
20,20_b,6,6
20,20_b,7,5
20,20_b,8,4
20,20_b,9,5
20,20_b,10,4
20,20_b,11,5
20,20_b,12,4
21,21_a,1,6
21,21_a,2,6
21,21_a,3,6
21,21_a,4,3
21,21_a,5,5
21,21_a,6,5
21,21_a,7,2
21,21_a,8,3
21,21_a,9,4
21,21_a,10,3
21,21_a,11,3
21,21_a,12,3
21,21_b,1,2
21,21_b,2,5
21,21_b,3,3
21,21_b,4,2
21,21_b,5,2
21,21_b,6,2
21,21_b,7,6
21,21_b,8,1
21,21_b,9,4
21,21_b,10,2
21,21_b,11,3
21,21_b,12,4
23,23_a,1,5
23,23_a,2,4
23,23_a,3,2
23,23_a,4,4
23,23_a,5,4
23,23_a,6,4
23,23_a,7,4
23,23_a,8,6
23,23_a,9,4
23,23_a,10,5
23,23_a,11,6
23,23_a,12,2
23,23_b,1,5
23,23_b,2,4
23,23_b,3,5
23,23_b,4,5
23,23_b,5,2
23,23_b,6,5
23,23_b,7,6
23,23_b,8,6
23,23_b,9,1
23,23_b,10,1
23,23_b,11,5
23,23_b,12,1
24,24_a,1,3
24,24_a,2,2
24,24_a,3,1
24,24_a,4,6
24,24_a,5,2
24,24_a,6,3
24,24_a,7,5
24,24_a,8,5
24,24_a,9,2
24,24_a,10,1
24,24_a,11,1
24,24_a,12,3
24,24_b,1,5
24,24_b,2,2
24,24_b,3,6
24,24_b,4,2
24,24_b,5,2
24,24_b,6,4
24,24_b,7,5
24,24_b,8,5
24,24_b,9,5
24,24_b,10,1
24,24_b,11,2
24,24_b,12,1
25,25_a,1,3
25,25_a,2,1
25,25_a,3,3
25,25_a,4,1
25,25_a,5,5
25,25_a,6,4
25,25_a,7,5
25,25_a,8,3
25,25_a,9,6
25,25_a,10,6
25,25_a,11,3
25,25_a,12,1
25,25_b,1,1
25,25_b,2,5
25,25_b,3,6
25,25_b,4,2
25,25_b,5,2
25,25_b,6,5
25,25_b,7,1
25,25_b,8,1
25,25_b,9,5
25,25_b,10,6
25,25_b,11,3
25,25_b,12,5
26,26_a,1,5
26,26_a,2,1
26,26_a,3,5
26,26_a,4,6
26,26_a,5,3
26,26_a,6,4
26,26_a,7,6
26,26_a,8,5
26,26_a,9,5
26,26_a,10,1
26,26_a,11,6
26,26_a,12,1
26,26_b,1,1
26,26_b,2,6
26,26_b,3,2
26,26_b,4,4
26,26_b,5,3
26,26_b,6,6
26,26_b,7,4
26,26_b,8,4
26,26_b,9,4
26,26_b,10,1
26,26_b,11,6
26,26_b,12,3
27,27_a,1,1
27,27_a,2,2
27,27_a,3,5
27,27_a,4,6
27,27_a,5,2
27,27_a,6,5
27,27_a,7,2
27,27_a,8,6
27,27_a,9,3
27,27_a,10,4
27,27_a,11,4
27,27_a,12,5
27,27_b,1,4
27,27_b,2,4
27,27_b,3,1
27,27_b,4,5
27,27_b,5,2
27,27_b,6,4
27,27_b,7,6
27,27_b,8,3
27,27_b,9,5
27,27_b,10,2
27,27_b,11,1
27,27_b,12,3
28,28_a,1,6
28,28_a,2,1
28,28_a,3,4
28,28_a,4,3
28,28_a,5,6
28,28_a,6,2
28,28_a,7,1
28,28_a,8,3
28,28_a,9,3
28,28_a,10,6
28,28_a,11,5
28,28_a,12,4
28,28_b,1,1
28,28_b,2,6
28,28_b,3,2
28,28_b,4,1
28,28_b,5,5
28,28_b,6,4
28,28_b,7,4
28,28_b,8,3
28,28_b,9,4
28,28_b,10,2
28,28_b,11,2
28,28_b,12,5
29,29_a,1,1
29,29_a,2,4
29,29_a,3,5
29,29_a,4,3
29,29_a,5,3
29,29_a,6,3
29,29_a,7,6
29,29_a,8,1
29,29_a,9,2
29,29_a,10,2
29,29_a,11,5
29,29_a,12,3
29,29_b,1,4
29,29_b,2,2
29,29_b,3,6
29,29_b,4,1
29,29_b,5,1
29,29_b,6,4
29,29_b,7,1
29,29_b,8,2
29,29_b,9,2
29,29_b,10,6
29,29_b,11,1
29,29_b,12,2
30,30_a,1,6
30,30_a,2,3
30,30_a,3,6
30,30_a,4,5
30,30_a,5,6
30,30_a,6,4
30,30_a,7,3
30,30_a,8,5
30,30_a,9,6
30,30_a,10,6
30,30_a,11,6
30,30_a,12,3
30,30_b,1,4
30,30_b,2,5
30,30_b,3,2
30,30_b,4,2
30,30_b,5,4
30,30_b,6,2
30,30_b,7,5
30,30_b,8,3
30,30_b,9,4
30,30_b,10,5
30,30_b,11,4
30,30_b,12,5
31,31_a,1,3
31,31_a,2,6
31,31_a,3,5
31,31_a,4,6
31,31_a,5,6
31,31_a,6,2
31,31_a,7,2
31,31_a,8,2
31,31_a,9,4
31,31_a,10,4
31,31_a,11,2
31,31_a,12,5
31,31_b,1,2
31,31_b,2,5
31,31_b,3,5
31,31_b,4,4
31,31_b,5,4
31,31_b,6,3
31,31_b,7,1
31,31_b,8,6
31,31_b,9,5
31,31_b,10,1
31,31_b,11,2
31,31_b,12,5
32,32_a,1,5
32,32_a,2,6
32,32_a,3,3
32,32_a,4,3
32,32_a,5,3
32,32_a,6,3
32,32_a,7,4
32,32_a,8,3
32,32_a,9,6
32,32_a,10,6
32,32_a,11,4
32,32_a,12,4
32,32_b,1,3
32,32_b,2,6
32,32_b,3,5
32,32_b,4,4
32,32_b,5,5
32,32_b,6,5
32,32_b,7,4
32,32_b,8,1
32,32_b,9,3
32,32_b,10,3
32,32_b,11,2
32,32_b,12,1
33,33_a,1,6
33,33_a,2,4
33,33_a,3,6
33,33_a,4,5
33,33_a,5,4
33,33_a,6,6
33,33_a,7,4
33,33_a,8,5
33,33_a,9,6
33,33_a,10,2
33,33_a,11,5
33,33_a,12,4
33,33_b,1,4
33,33_b,2,5
33,33_b,3,5
33,33_b,4,4
33,33_b,5,6
33,33_b,6,4
33,33_b,7,5
33,33_b,8,3
33,33_b,9,3
33,33_b,10,4
33,33_b,11,4
33,33_b,12,6
34,34_a,1,6
34,34_a,2,2
34,34_a,3,1
34,34_a,4,6
34,34_a,5,1
34,34_a,6,2
34,34_a,7,3
34,34_a,8,4
34,34_a,9,6
34,34_a,10,5
34,34_a,11,6
34,34_a,12,2
34,34_b,1,2
34,34_b,2,6
34,34_b,3,5
34,34_b,4,2
34,34_b,5,3
34,34_b,6,4
34,34_b,7,6
34,34_b,8,4
34,34_b,9,4
34,34_b,10,6
34,34_b,11,4
34,34_b,12,2
35,35_a,1,4
35,35_a,2,5
35,35_a,3,5
35,35_a,4,6
35,35_a,5,5
35,35_a,6,5
35,35_a,7,5
35,35_a,8,6
35,35_a,9,5
35,35_a,10,6
35,35_a,11,4
35,35_a,12,6
35,35_b,1,6
35,35_b,2,6
35,35_b,3,6
35,35_b,4,3
35,35_b,5,6
35,35_b,6,4
35,35_b,7,5
35,35_b,8,5
35,35_b,9,6
35,35_b,10,4
35,35_b,11,4
35,35_b,12,6
36,36_a,1,2
36,36_a,2,4
36,36_a,3,4
36,36_a,4,6
36,36_a,5,2
36,36_a,6,5
36,36_a,7,6
36,36_a,8,4
36,36_a,9,6
36,36_a,10,5
36,36_a,11,4
36,36_a,12,6
36,36_b,1,3
36,36_b,2,6
36,36_b,3,5
36,36_b,4,5
36,36_b,5,6
36,36_b,6,4
36,36_b,7,6
36,36_b,8,5
36,36_b,9,2
36,36_b,10,2
36,36_b,11,3
36,36_b,12,2
37,37_a,1,2
37,37_a,2,6
37,37_a,3,5
37,37_a,4,6
37,37_a,5,3
37,37_a,6,5
37,37_a,7,4
37,37_a,8,3
37,37_a,9,5
37,37_a,10,3
37,37_a,11,3
37,37_a,12,5
37,37_b,1,3
37,37_b,2,3
37,37_b,3,3
37,37_b,4,3
37,37_b,5,5
37,37_b,6,4
37,37_b,7,3
37,37_b,8,6
37,37_b,9,4
37,37_b,10,3
37,37_b,11,6
37,37_b,12,4
38,38_a,1,5
38,38_a,2,2
38,38_a,3,2
38,38_a,4,5
38,38_a,5,5
38,38_a,6,1
38,38_a,7,4
38,38_a,8,6
38,38_a,9,3
38,38_a,10,4
38,38_a,11,4
38,38_a,12,4
38,38_b,1,5
38,38_b,2,5
38,38_b,3,3
38,38_b,4,6
38,38_b,5,4
38,38_b,6,6
38,38_b,7,6
38,38_b,8,1
38,38_b,9,5
38,38_b,10,5
38,38_b,11,4
38,38_b,12,6
39,39_a,1,4
39,39_a,2,6
39,39_a,3,3
39,39_a,4,6
39,39_a,5,5
39,39_a,6,6
39,39_a,7,6
39,39_a,8,2
39,39_a,9,2
39,39_a,10,6
39,39_a,11,5
39,39_a,12,6
39,39_b,1,1
39,39_b,2,2
39,39_b,3,4
39,39_b,4,2
39,39_b,5,6
39,39_b,6,4
39,39_b,7,4
39,39_b,8,5
39,39_b,9,5
39,39_b,10,5
39,39_b,11,2
39,39_b,12,1
40,40_a,1,4
40,40_a,2,2
40,40_a,3,5
40,40_a,4,1
40,40_a,5,4
40,40_a,6,4
40,40_a,7,5
40,40_a,8,4
40,40_a,9,6
40,40_a,10,5
40,40_a,11,5
40,40_a,12,1
40,40_b,1,2
40,40_b,2,5
40,40_b,3,3
40,40_b,4,3
40,40_b,5,4
40,40_b,6,5
40,40_b,7,3
40,40_b,8,6
40,40_b,9,3
40,40_b,10,3
40,40_b,11,5
40,40_b,12,6
41,41_a,1,6
41,41_a,2,4
41,41_a,3,3
41,41_a,4,6
41,41_a,5,6
41,41_a,6,4
41,41_a,7,4
41,41_a,8,6
41,41_a,9,6
41,41_a,10,6
41,41_a,11,4
41,41_a,12,6
41,41_b,1,6
41,41_b,2,2
41,41_b,3,6
41,41_b,4,6
41,41_b,5,6
41,41_b,6,4
41,41_b,7,6
41,41_b,8,1
41,41_b,9,6
41,41_b,10,5
41,41_b,11,6
41,41_b,12,6
42,42_a,1,5
42,42_a,2,5
42,42_a,3,3
42,42_a,4,4
42,42_a,5,5
42,42_a,6,1
42,42_a,7,5
42,42_a,8,6
42,42_a,9,6
42,42_a,10,5
42,42_a,11,5
42,42_a,12,3
42,42_b,1,1
42,42_b,2,6
42,42_b,3,2
42,42_b,4,4
42,42_b,5,6
42,42_b,6,1
42,42_b,7,6
42,42_b,8,5
42,42_b,9,1
42,42_b,10,5
42,42_b,11,6
42,42_b,12,2
43,43_a,1,4
43,43_a,2,3
43,43_a,3,1
43,43_a,4,4
43,43_a,5,4
43,43_a,6,5
43,43_a,7,1
43,43_a,8,5
43,43_a,9,2
43,43_a,10,5
43,43_a,11,3
43,43_a,12,3
43,43_b,1,2
43,43_b,2,1
43,43_b,3,3
43,43_b,4,4
43,43_b,5,3
43,43_b,6,4
43,43_b,7,5
43,43_b,8,6
43,43_b,9,2
43,43_b,10,6
43,43_b,11,5
43,43_b,12,6
44,44_a,1,5
44,44_a,2,6
44,44_a,3,1
44,44_a,4,4
44,44_a,5,6
44,44_a,6,6
44,44_a,7,5
44,44_a,8,4
44,44_a,9,6
44,44_a,10,5
44,44_a,11,4
44,44_a,12,2
44,44_b,1,4
44,44_b,2,6
44,44_b,3,4
44,44_b,4,1
44,44_b,5,1
44,44_b,6,6
44,44_b,7,5
44,44_b,8,5
44,44_b,9,3
44,44_b,10,4
44,44_b,11,5
44,44_b,12,3
45,45_a,1,1
45,45_a,2,4
45,45_a,3,5
45,45_a,4,6
45,45_a,5,3
45,45_a,6,1
45,45_a,7,1
45,45_a,8,5
45,45_a,9,3
45,45_a,10,3
45,45_a,11,3
45,45_a,12,1
45,45_b,1,3
45,45_b,2,3
45,45_b,3,3
45,45_b,4,1
45,45_b,5,4
45,45_b,6,6
45,45_b,7,4
45,45_b,8,3
45,45_b,9,5
45,45_b,10,6
45,45_b,11,2
45,45_b,12,1
46,46_a,1,2
46,46_a,2,2
46,46_a,3,3
46,46_a,4,4
46,46_a,5,5
46,46_a,6,4
46,46_a,7,4
46,46_a,8,2
46,46_a,9,2
46,46_a,10,4
46,46_a,11,3
46,46_a,12,4
46,46_b,1,3
46,46_b,2,3
46,46_b,3,1
46,46_b,4,3
46,46_b,5,3
46,46_b,6,4
46,46_b,7,3
46,46_b,8,4
46,46_b,9,3
46,46_b,10,4
46,46_b,11,4
46,46_b,12,4
47,47_a,1,3
47,47_a,2,5
47,47_a,3,1
47,47_a,4,4
47,47_a,5,5
47,47_a,6,3
47,47_a,7,2
47,47_a,8,6
47,47_a,9,4
47,47_a,10,5
47,47_a,11,6
47,47_a,12,3
47,47_b,1,5
47,47_b,2,6
47,47_b,3,4
47,47_b,4,3
47,47_b,5,4
47,47_b,6,1
47,47_b,7,2
47,47_b,8,6
47,47_b,9,3
47,47_b,10,1
47,47_b,11,3
47,47_b,12,6
48,48_a,1,3
48,48_a,2,5
48,48_a,3,2
48,48_a,4,2
48,48_a,5,5
48,48_a,6,5
48,48_a,7,5
48,48_a,8,3
48,48_a,9,3
48,48_a,10,3
48,48_a,11,4
48,48_a,12,2
48,48_b,1,3
48,48_b,2,5
48,48_b,3,3
48,48_b,4,4
48,48_b,5,4
48,48_b,6,2
48,48_b,7,5
48,48_b,8,3
48,48_b,9,3
48,48_b,10,4
48,48_b,11,5
48,48_b,12,5
49,49_a,1,6
49,49_a,2,4
49,49_a,3,4
49,49_a,4,2
49,49_a,5,2
49,49_a,6,6
49,49_a,7,1
49,49_a,8,4
49,49_a,9,4
49,49_a,10,6
49,49_a,11,1
49,49_a,12,2
49,49_b,1,3
49,49_b,2,1
49,49_b,3,1
49,49_b,4,4
49,49_b,5,2
49,49_b,6,3
49,49_b,7,6
49,49_b,8,2
49,49_b,9,5
49,49_b,10,6
49,49_b,11,5
49,49_b,12,6
50,50_a,1,5
50,50_a,2,3
50,50_a,3,1
50,50_a,4,6
50,50_a,5,2
50,50_a,6,6
50,50_a,7,1
50,50_a,8,5
50,50_a,9,2
50,50_a,10,3
50,50_a,11,6
50,50_a,12,1
50,50_b,1,2
50,50_b,2,5
50,50_b,3,5
50,50_b,4,4
50,50_b,5,4
50,50_b,6,4
50,50_b,7,1
50,50_b,8,4
50,50_b,9,4
50,50_b,10,1
50,50_b,11,3
50,50_b,12,3
51,51_a,1,5
51,51_a,2,3
51,51_a,3,6
51,51_a,4,5
51,51_a,5,1
51,51_a,6,1
51,51_a,7,3
51,51_a,8,3
51,51_a,9,3
51,51_a,10,2
51,51_a,11,2
51,51_a,12,6
51,51_b,1,1
51,51_b,2,4
51,51_b,3,5
51,51_b,4,6
51,51_b,5,1
51,51_b,6,1
51,51_b,7,4
51,51_b,8,1
51,51_b,9,4
51,51_b,10,5
51,51_b,11,6
51,51_b,12,6
52,52_a,1,1
52,52_a,2,2
52,52_a,3,3
52,52_a,4,3
52,52_a,5,2
52,52_a,6,5
52,52_a,7,2
52,52_a,8,2
52,52_a,9,3
52,52_a,10,3
52,52_a,11,1
52,52_a,12,5
52,52_b,1,1
52,52_b,2,6
52,52_b,3,5
52,52_b,4,3
52,52_b,5,2
52,52_b,6,5
52,52_b,7,3
52,52_b,8,4
52,52_b,9,1
52,52_b,10,6
52,52_b,11,6
52,52_b,12,3
53,53_a,1,5
53,53_a,2,5
53,53_a,3,3
53,53_a,4,2
53,53_a,5,4
53,53_a,6,3
53,53_a,7,4
53,53_a,8,2
53,53_a,9,4
53,53_a,10,5
53,53_a,11,5
53,53_a,12,5
53,53_b,1,2
53,53_b,2,3
53,53_b,3,3
53,53_b,4,3
53,53_b,5,1
53,53_b,6,5
53,53_b,7,4
53,53_b,8,4
53,53_b,9,5
53,53_b,10,3
53,53_b,11,6
53,53_b,12,1
54,54_a,1,5
54,54_a,2,4
54,54_a,3,4
54,54_a,4,5
54,54_a,5,6
54,54_a,6,6
54,54_a,7,2
54,54_a,8,3
54,54_a,9,2
54,54_a,10,5
54,54_a,11,3
54,54_a,12,4
54,54_b,1,6
54,54_b,2,4
54,54_b,3,1
54,54_b,4,3
54,54_b,5,5
54,54_b,6,3
54,54_b,7,6
54,54_b,8,4
54,54_b,9,5
54,54_b,10,5
54,54_b,11,3
54,54_b,12,6
55,55_a,1,5
55,55_a,2,3
55,55_a,3,5
55,55_a,4,2
55,55_a,5,1
55,55_a,6,2
55,55_a,7,5
55,55_a,8,1
55,55_a,9,5
55,55_a,10,6
55,55_a,11,4
55,55_a,12,5
55,55_b,1,1
55,55_b,2,5
55,55_b,3,6
55,55_b,4,6
55,55_b,5,6
55,55_b,6,6
55,55_b,7,2
55,55_b,8,4
55,55_b,9,5
55,55_b,10,5
55,55_b,11,2
55,55_b,12,4
56,56_a,1,3
56,56_a,2,2
56,56_a,3,4
56,56_a,4,2
56,56_a,5,2
56,56_a,6,4
56,56_a,7,6
56,56_a,8,3
56,56_a,9,3
56,56_a,10,5
56,56_a,11,1
56,56_a,12,6
56,56_b,1,4
56,56_b,2,6
56,56_b,3,1
56,56_b,4,6
56,56_b,5,4
56,56_b,6,4
56,56_b,7,1
56,56_b,8,5
56,56_b,9,1
56,56_b,10,5
56,56_b,11,2
56,56_b,12,2
57,57_a,1,6
57,57_a,2,5
57,57_a,3,6
57,57_a,4,6
57,57_a,5,5
57,57_a,6,5
57,57_a,7,6
57,57_a,8,6
57,57_a,9,6
57,57_a,10,5
57,57_a,11,5
57,57_a,12,6
57,57_b,1,3
57,57_b,2,3
57,57_b,3,3
57,57_b,4,1
57,57_b,5,5
57,57_b,6,5
57,57_b,7,5
57,57_b,8,6
57,57_b,9,1
57,57_b,10,1
57,57_b,11,1
57,57_b,12,1
58,58_a,1,3
58,58_a,2,3
58,58_a,3,5
58,58_a,4,1
58,58_a,5,6
58,58_a,6,6
58,58_a,7,6
58,58_a,8,3
58,58_a,9,5
58,58_a,10,2
58,58_a,11,4
58,58_a,12,2
58,58_b,1,4
58,58_b,2,1
58,58_b,3,4
58,58_b,4,5
58,58_b,5,5
58,58_b,6,5
58,58_b,7,5
58,58_b,8,1
58,58_b,9,3
58,58_b,10,4
58,58_b,11,2
58,58_b,12,5
59,59_a,1,1
59,59_a,2,2
59,59_a,3,4
59,59_a,4,6
59,59_a,5,1
59,59_a,6,6
59,59_a,7,4
59,59_a,8,5
59,59_a,9,2
59,59_a,10,4
59,59_a,11,3
59,59_a,12,1
59,59_b,1,1
59,59_b,2,5
59,59_b,3,4
59,59_b,4,6
59,59_b,5,2
59,59_b,6,5
59,59_b,7,4
59,59_b,8,5
59,59_b,9,3
59,59_b,10,4
59,59_b,11,5
59,59_b,12,1
60,60_a,1,5
60,60_a,2,4
60,60_a,3,3
60,60_a,4,5
60,60_a,5,4
60,60_a,6,6
60,60_a,7,6
60,60_a,8,2
60,60_a,9,2
60,60_a,10,6
60,60_a,11,6
60,60_a,12,2
60,60_b,1,5
60,60_b,2,4
60,60_b,3,4
60,60_b,4,6
60,60_b,5,1
60,60_b,6,3
60,60_b,7,1
60,60_b,8,2
60,60_b,9,4
60,60_b,10,2
60,60_b,11,4
60,60_b,12,1
61,61_a,1,5
61,61_a,2,2
61,61_a,3,1
61,61_a,4,5
61,61_a,5,5
61,61_a,6,6
61,61_a,7,4
61,61_a,8,5
61,61_a,9,4
61,61_a,10,4
61,61_a,11,3
61,61_a,12,4
61,61_b,1,5
61,61_b,2,4
61,61_b,3,4
61,61_b,4,6
61,61_b,5,4
61,61_b,6,5
61,61_b,7,5
61,61_b,8,3
61,61_b,9,6
61,61_b,10,5
61,61_b,11,4
61,61_b,12,5
62,62_a,1,1
62,62_a,2,2
62,62_a,3,5
62,62_a,4,1
62,62_a,5,1
62,62_a,6,4
62,62_a,7,2
62,62_a,8,5
62,62_a,9,2
62,62_a,10,5
62,62_a,11,5
62,62_a,12,5
62,62_b,1,5
62,62_b,2,6
62,62_b,3,4
62,62_b,4,5
62,62_b,5,1
62,62_b,6,3
62,62_b,7,1
62,62_b,8,5
62,62_b,9,6
62,62_b,10,5
62,62_b,11,2
62,62_b,12,3
63,63_a,1,5
63,63_a,2,4
63,63_a,3,2
63,63_a,4,4
63,63_a,5,5
63,63_a,6,5
63,63_a,7,5
63,63_a,8,6
63,63_a,9,3
63,63_a,10,6
63,63_a,11,6
63,63_a,12,3
63,63_b,1,2
63,63_b,2,4
63,63_b,3,4
63,63_b,4,2
63,63_b,5,3
63,63_b,6,3
63,63_b,7,6
63,63_b,8,4
63,63_b,9,4
63,63_b,10,2
63,63_b,11,5
63,63_b,12,2
64,64_a,1,1
64,64_a,2,4
64,64_a,3,4
64,64_a,4,2
64,64_a,5,3
64,64_a,6,4
64,64_a,7,2
64,64_a,8,6
64,64_a,9,3
64,64_a,10,6
64,64_a,11,1
64,64_a,12,1
64,64_b,1,1
64,64_b,2,2
64,64_b,3,6
64,64_b,4,1
64,64_b,5,4
64,64_b,6,3
64,64_b,7,2
64,64_b,8,4
64,64_b,9,6
64,64_b,10,2
64,64_b,11,4
64,64_b,12,4
65,65_a,1,3
65,65_a,2,5
65,65_a,3,5
65,65_a,4,2
65,65_a,5,6
65,65_a,6,2
65,65_a,7,5
65,65_a,8,5
65,65_a,9,5
65,65_a,10,4
65,65_a,11,4
65,65_a,12,6
65,65_b,1,2
65,65_b,2,4
65,65_b,3,5
65,65_b,4,2
65,65_b,5,6
65,65_b,6,5
65,65_b,7,1
65,65_b,8,5
65,65_b,9,1
65,65_b,10,2
65,65_b,11,5
65,65_b,12,5
66,66_a,1,5
66,66_a,2,2
66,66_a,3,6
66,66_a,4,3
66,66_a,5,5
66,66_a,6,5
66,66_a,7,3
66,66_a,8,6
66,66_a,9,6
66,66_a,10,3
66,66_a,11,5
66,66_a,12,4
66,66_b,1,5
66,66_b,2,2
66,66_b,3,3
66,66_b,4,4
66,66_b,5,5
66,66_b,6,2
66,66_b,7,3
66,66_b,8,6
66,66_b,9,3
66,66_b,10,6
66,66_b,11,2
66,66_b,12,6
67,67_a,1,1
67,67_a,2,4
67,67_a,3,3
67,67_a,4,4
67,67_a,5,5
67,67_a,6,3
67,67_a,7,2
67,67_a,8,3
67,67_a,9,1
67,67_a,10,2
67,67_a,11,2
67,67_a,12,4
67,67_b,1,5
67,67_b,2,3
67,67_b,3,4
67,67_b,4,1
67,67_b,5,5
67,67_b,6,4
67,67_b,7,5
67,67_b,8,1
67,67_b,9,6
67,67_b,10,3
67,67_b,11,5
67,67_b,12,1
68,68_a,1,5
68,68_a,2,5
68,68_a,3,1
68,68_a,4,5
68,68_a,5,2
68,68_a,6,3
68,68_a,7,4
68,68_a,8,3
68,68_a,9,6
68,68_a,10,4
68,68_a,11,1
68,68_a,12,4
68,68_b,1,3
68,68_b,2,2
68,68_b,3,4
68,68_b,4,2
68,68_b,5,4
68,68_b,6,1
68,68_b,7,1
68,68_b,8,4
68,68_b,9,1
68,68_b,10,5
68,68_b,11,6
68,68_b,12,4
70,70_a,1,5
70,70_a,2,3
70,70_a,3,2
70,70_a,4,3
70,70_a,5,6
70,70_a,6,5
70,70_a,7,4
70,70_a,8,2
70,70_a,9,6
70,70_a,10,4
70,70_a,11,4
70,70_a,12,5
70,70_b,1,4
70,70_b,2,5
70,70_b,3,2
70,70_b,4,5
70,70_b,5,2
70,70_b,6,5
70,70_b,7,3
70,70_b,8,4
70,70_b,9,3
70,70_b,10,2
70,70_b,11,3
70,70_b,12,4
71,71_a,1,3
71,71_a,2,4
71,71_a,3,1
71,71_a,4,4
71,71_a,5,1
71,71_a,6,3
71,71_a,7,4
71,71_a,8,6
71,71_a,9,2
71,71_a,10,6
71,71_a,11,5
71,71_a,12,6
71,71_b,1,4
71,71_b,2,4
71,71_b,3,2
71,71_b,4,4
71,71_b,5,4
71,71_b,6,3
71,71_b,7,1
71,71_b,8,6
71,71_b,9,2
71,71_b,10,3
71,71_b,11,3
71,71_b,12,2
72,72_a,1,6
72,72_a,2,3
72,72_a,3,5
72,72_a,4,5
72,72_a,5,4
72,72_a,6,6
72,72_a,7,6
72,72_a,8,4
72,72_a,9,4
72,72_a,10,5
72,72_a,11,6
72,72_a,12,4
72,72_b,1,5
72,72_b,2,2
72,72_b,3,6
72,72_b,4,6
72,72_b,5,5
72,72_b,6,6
72,72_b,7,3
72,72_b,8,6
72,72_b,9,6
72,72_b,10,2
72,72_b,11,1
72,72_b,12,5
73,73_a,1,2
73,73_a,2,6
73,73_a,3,5
73,73_a,4,3
73,73_a,5,5
73,73_a,6,4
73,73_a,7,1
73,73_a,8,3
73,73_a,9,5
73,73_a,10,3
73,73_a,11,5
73,73_a,12,6
73,73_b,1,5
73,73_b,2,2
73,73_b,3,6
73,73_b,4,1
73,73_b,5,6
73,73_b,6,4
73,73_b,7,5
73,73_b,8,4
73,73_b,9,6
73,73_b,10,4
73,73_b,11,5
73,73_b,12,4
74,74_a,1,1
74,74_a,2,1
74,74_a,3,5
74,74_a,4,6
74,74_a,5,1
74,74_a,6,4
74,74_a,7,3
74,74_a,8,5
74,74_a,9,4
74,74_a,10,5
74,74_a,11,6
74,74_a,12,4
74,74_b,1,3
74,74_b,2,3
74,74_b,3,6
74,74_b,4,6
74,74_b,5,3
74,74_b,6,5
74,74_b,7,6
74,74_b,8,3
74,74_b,9,2
74,74_b,10,1
74,74_b,11,3
74,74_b,12,3
75,75_a,1,4
75,75_a,2,4
75,75_a,3,2
75,75_a,4,2
75,75_a,5,4
75,75_a,6,3
75,75_a,7,2
75,75_a,8,6
75,75_a,9,5
75,75_a,10,3
75,75_a,11,4
75,75_a,12,4
75,75_b,1,3
75,75_b,2,6
75,75_b,3,6
75,75_b,4,3
75,75_b,5,1
75,75_b,6,2
75,75_b,7,6
75,75_b,8,3
75,75_b,9,3
75,75_b,10,1
75,75_b,11,2
75,75_b,12,6
76,76_a,1,4
76,76_a,2,3
76,76_a,3,3
76,76_a,4,4
76,76_a,5,6
76,76_a,6,5
76,76_a,7,6
76,76_a,8,3
76,76_a,9,5
76,76_a,10,6
76,76_a,11,2
76,76_a,12,4
76,76_b,1,5
76,76_b,2,6
76,76_b,3,3
76,76_b,4,6
76,76_b,5,4
76,76_b,6,2
76,76_b,7,5
76,76_b,8,6
76,76_b,9,5
76,76_b,10,4
76,76_b,11,6
76,76_b,12,4
77,77_a,1,2
77,77_a,2,5
77,77_a,3,2
77,77_a,4,5
77,77_a,5,5
77,77_a,6,5
77,77_a,7,2
77,77_a,8,5
77,77_a,9,5
77,77_a,10,4
77,77_a,11,2
77,77_a,12,5
77,77_b,1,4
77,77_b,2,3
77,77_b,3,3
77,77_b,4,1
77,77_b,5,3
77,77_b,6,5
77,77_b,7,3
77,77_b,8,2
77,77_b,9,6
77,77_b,10,1
77,77_b,11,5
77,77_b,12,6
78,78_a,1,3
78,78_a,2,5
78,78_a,3,4
78,78_a,4,4
78,78_a,5,6
78,78_a,6,2
78,78_a,7,5
78,78_a,8,3
78,78_a,9,4
78,78_a,10,1
78,78_a,11,3
78,78_a,12,3
78,78_b,1,1
78,78_b,2,2
78,78_b,3,4
78,78_b,4,1
78,78_b,5,5
78,78_b,6,1
78,78_b,7,3
78,78_b,8,3
78,78_b,9,3
78,78_b,10,4
78,78_b,11,3
78,78_b,12,3
79,79_a,1,5
79,79_a,2,4
79,79_a,3,5
79,79_a,4,1
79,79_a,5,3
79,79_a,6,2
79,79_a,7,3
79,79_a,8,3
79,79_a,9,1
79,79_a,10,6
79,79_a,11,1
79,79_a,12,2
79,79_b,1,4
79,79_b,2,4
79,79_b,3,6
79,79_b,4,5
79,79_b,5,1
79,79_b,6,2
79,79_b,7,6
79,79_b,8,1
79,79_b,9,3
79,79_b,10,4
79,79_b,11,4
79,79_b,12,5
80,80_a,1,5
80,80_a,2,6
80,80_a,3,5
80,80_a,4,6
80,80_a,5,5
80,80_a,6,4
80,80_a,7,6
80,80_a,8,5
80,80_a,9,2
80,80_a,10,5
80,80_a,11,6
80,80_a,12,5
80,80_b,1,4
80,80_b,2,1
80,80_b,3,4
80,80_b,4,3
80,80_b,5,2
80,80_b,6,4
80,80_b,7,5
80,80_b,8,2
80,80_b,9,1
80,80_b,10,2
80,80_b,11,4
80,80_b,12,5
81,81_a,1,4
81,81_a,2,5
81,81_a,3,4
81,81_a,4,2
81,81_a,5,4
81,81_a,6,6
81,81_a,7,1
81,81_a,8,2
81,81_a,9,6
81,81_a,10,6
81,81_a,11,6
81,81_a,12,1
81,81_b,1,6
81,81_b,2,4
81,81_b,3,5
81,81_b,4,4
81,81_b,5,5
81,81_b,6,6
81,81_b,7,5
81,81_b,8,1
81,81_b,9,6
81,81_b,10,1
81,81_b,11,2
81,81_b,12,3
82,82_a,1,5
82,82_a,2,1
82,82_a,3,2
82,82_a,4,6
82,82_a,5,6
82,82_a,6,5
82,82_a,7,2
82,82_a,8,4
82,82_a,9,4
82,82_a,10,5
82,82_a,11,2
82,82_a,12,6
82,82_b,1,3
82,82_b,2,6
82,82_b,3,3
82,82_b,4,4
82,82_b,5,2
82,82_b,6,5
82,82_b,7,2
82,82_b,8,3
82,82_b,9,2
82,82_b,10,6
82,82_b,11,1
82,82_b,12,4
83,83_a,1,1
83,83_a,2,2
83,83_a,3,6
83,83_a,4,2
83,83_a,5,5
83,83_a,6,3
83,83_a,7,4
83,83_a,8,5
83,83_a,9,2
83,83_a,10,5
83,83_a,11,1
83,83_a,12,5
83,83_b,1,5
83,83_b,2,2
83,83_b,3,6
83,83_b,4,2
83,83_b,5,1
83,83_b,6,3
83,83_b,7,5
83,83_b,8,3
83,83_b,9,2
83,83_b,10,6
83,83_b,11,3
83,83_b,12,4
84,84_a,1,5
84,84_a,2,5
84,84_a,3,6
84,84_a,4,2
84,84_a,5,6
84,84_a,6,4
84,84_a,7,6
84,84_a,8,3
84,84_a,9,4
84,84_a,10,4
84,84_a,11,5
84,84_a,12,6
84,84_b,1,4
84,84_b,2,4
84,84_b,3,3
84,84_b,4,4
84,84_b,5,3
84,84_b,6,2
84,84_b,7,5
84,84_b,8,1
84,84_b,9,1
84,84_b,10,1
84,84_b,11,4
84,84_b,12,5
85,85_a,1,6
85,85_a,2,1
85,85_a,3,3
85,85_a,4,4
85,85_a,5,3
85,85_a,6,2
85,85_a,7,3
85,85_a,8,1
85,85_a,9,1
85,85_a,10,1
85,85_a,11,2
85,85_a,12,5
85,85_b,1,4
85,85_b,2,2
85,85_b,3,3
85,85_b,4,5
85,85_b,5,4
85,85_b,6,5
85,85_b,7,5
85,85_b,8,6
85,85_b,9,4
85,85_b,10,4
85,85_b,11,4
85,85_b,12,3
86,86_a,1,6
86,86_a,2,4
86,86_a,3,5
86,86_a,4,3
86,86_a,5,6
86,86_a,6,6
86,86_a,7,6
86,86_a,8,6
86,86_a,9,5
86,86_a,10,5
86,86_a,11,2
86,86_a,12,1
86,86_b,1,1
86,86_b,2,4
86,86_b,3,3
86,86_b,4,6
86,86_b,5,1
86,86_b,6,3
86,86_b,7,4
86,86_b,8,4
86,86_b,9,1
86,86_b,10,2
86,86_b,11,3
86,86_b,12,1
87,87_a,1,6
87,87_a,2,4
87,87_a,3,2
87,87_a,4,3
87,87_a,5,5
87,87_a,6,1
87,87_a,7,3
87,87_a,8,1
87,87_a,9,1
87,87_a,10,6
87,87_a,11,2
87,87_a,12,4
87,87_b,1,6
87,87_b,2,3
87,87_b,3,1
87,87_b,4,1
87,87_b,5,5
87,87_b,6,1
87,87_b,7,3
87,87_b,8,5
87,87_b,9,2
87,87_b,10,6
87,87_b,11,5
87,87_b,12,6
88,88_a,1,4
88,88_a,2,1
88,88_a,3,2
88,88_a,4,6
88,88_a,5,2
88,88_a,6,3
88,88_a,7,2
88,88_a,8,4
88,88_a,9,4
88,88_a,10,3
88,88_a,11,3
88,88_a,12,3
88,88_b,1,5
88,88_b,2,2
88,88_b,3,3
88,88_b,4,2
88,88_b,5,3
88,88_b,6,1
88,88_b,7,2
88,88_b,8,6
88,88_b,9,5
88,88_b,10,2
88,88_b,11,6
88,88_b,12,2
89,89_a,1,4
89,89_a,2,3
89,89_a,3,4
89,89_a,4,5
89,89_a,5,6
89,89_a,6,4
89,89_a,7,3
89,89_a,8,6
89,89_a,9,4
89,89_a,10,2
89,89_a,11,4
89,89_a,12,6
89,89_b,1,2
89,89_b,2,6
89,89_b,3,6
89,89_b,4,6
89,89_b,5,2
89,89_b,6,2
89,89_b,7,6
89,89_b,8,5
89,89_b,9,2
89,89_b,10,2
89,89_b,11,4
89,89_b,12,6
90,90_a,1,1
90,90_a,2,6
90,90_a,3,4
90,90_a,4,1
90,90_a,5,2
90,90_a,6,1
90,90_a,7,4
90,90_a,8,4
90,90_a,9,3
90,90_a,10,3
90,90_a,11,6
90,90_a,12,3
90,90_b,1,4
90,90_b,2,4
90,90_b,3,2
90,90_b,4,6
90,90_b,5,4
90,90_b,6,5
90,90_b,7,4
90,90_b,8,4
90,90_b,9,5
90,90_b,10,5
90,90_b,11,2
90,90_b,12,3
91,91_a,1,5
91,91_a,2,4
91,91_a,3,3
91,91_a,4,1
91,91_a,5,2
91,91_a,6,2
91,91_a,7,6
91,91_a,8,5
91,91_a,9,2
91,91_a,10,5
91,91_a,11,4
91,91_a,12,1
91,91_b,1,4
91,91_b,2,6
91,91_b,3,1
91,91_b,4,5
91,91_b,5,2
91,91_b,6,3
91,91_b,7,2
91,91_b,8,2
91,91_b,9,3
91,91_b,10,1
91,91_b,11,2
91,91_b,12,4
92,92_a,1,5
92,92_a,2,1
92,92_a,3,6
92,92_a,4,1
92,92_a,5,2
92,92_a,6,6
92,92_a,7,2
92,92_a,8,6
92,92_a,9,6
92,92_a,10,5
92,92_a,11,6
92,92_a,12,1
92,92_b,1,5
92,92_b,2,1
92,92_b,3,4
92,92_b,4,5
92,92_b,5,2
92,92_b,6,1
92,92_b,7,3
92,92_b,8,5
92,92_b,9,4
92,92_b,10,6
92,92_b,11,6
92,92_b,12,5
93,93_a,1,6
93,93_a,2,5
93,93_a,3,1
93,93_a,4,4
93,93_a,5,6
93,93_a,6,5
93,93_a,7,4
93,93_a,8,3
93,93_a,9,6
93,93_a,10,4
93,93_a,11,3
93,93_a,12,1
93,93_b,1,6
93,93_b,2,1
93,93_b,3,6
93,93_b,4,2
93,93_b,5,6
93,93_b,6,4
93,93_b,7,4
93,93_b,8,2
93,93_b,9,2
93,93_b,10,3
93,93_b,11,1
93,93_b,12,4
94,94_a,1,4
94,94_a,2,2
94,94_a,3,1
94,94_a,4,1
94,94_a,5,1
94,94_a,6,6
94,94_a,7,4
94,94_a,8,5
94,94_a,9,1
94,94_a,10,5
94,94_a,11,6
94,94_a,12,3
94,94_b,1,5
94,94_b,2,4
94,94_b,3,5
94,94_b,4,2
94,94_b,5,2
94,94_b,6,6
94,94_b,7,1
94,94_b,8,4
94,94_b,9,4
94,94_b,10,5
94,94_b,11,5
94,94_b,12,5
95,95_a,1,6
95,95_a,2,5
95,95_a,3,5
95,95_a,4,5
95,95_a,5,4
95,95_a,6,6
95,95_a,7,6
95,95_a,8,2
95,95_a,9,2
95,95_a,10,4
95,95_a,11,6
95,95_a,12,4
95,95_b,1,4
95,95_b,2,2
95,95_b,3,2
95,95_b,4,6
95,95_b,5,2
95,95_b,6,6
95,95_b,7,5
95,95_b,8,4
95,95_b,9,2
95,95_b,10,2
95,95_b,11,6
95,95_b,12,5
96,96_a,1,3
96,96_a,2,4
96,96_a,3,6
96,96_a,4,5
96,96_a,5,2
96,96_a,6,5
96,96_a,7,2
96,96_a,8,2
96,96_a,9,5
96,96_a,10,2
96,96_a,11,1
96,96_a,12,2
96,96_b,1,4
96,96_b,2,6
96,96_b,3,6
96,96_b,4,5
96,96_b,5,5
96,96_b,6,6
96,96_b,7,5
96,96_b,8,3
96,96_b,9,6
96,96_b,10,4
96,96_b,11,6
96,96_b,12,3
97,97_a,1,5
97,97_a,2,5
97,97_a,3,6
97,97_a,4,4
97,97_a,5,5
97,97_a,6,4
97,97_a,7,2
97,97_a,8,6
97,97_a,9,2
97,97_a,10,3
97,97_a,11,2
97,97_a,12,2
97,97_b,1,6
97,97_b,2,6
97,97_b,3,3
97,97_b,4,4
97,97_b,5,6
97,97_b,6,3
97,97_b,7,6
97,97_b,8,5
97,97_b,9,2
97,97_b,10,6
97,97_b,11,1
97,97_b,12,5
98,98_a,1,6
98,98_a,2,4
98,98_a,3,3
98,98_a,4,6
98,98_a,5,6
98,98_a,6,2
98,98_a,7,2
98,98_a,8,6
98,98_a,9,5
98,98_a,10,1
98,98_a,11,2
98,98_a,12,1
98,98_b,1,4
98,98_b,2,4
98,98_b,3,5
98,98_b,4,3
98,98_b,5,1
98,98_b,6,3
98,98_b,7,5
98,98_b,8,1
98,98_b,9,1
98,98_b,10,1
98,98_b,11,3
98,98_b,12,1
99,99_a,1,3
99,99_a,2,6
99,99_a,3,6
99,99_a,4,1
99,99_a,5,4
99,99_a,6,3
99,99_a,7,5
99,99_a,8,5
99,99_a,9,6
99,99_a,10,1
99,99_a,11,4
99,99_a,12,2
99,99_b,1,3
99,99_b,2,5
99,99_b,3,2
99,99_b,4,2
99,99_b,5,3
99,99_b,6,6
99,99_b,7,3
99,99_b,8,4
99,99_b,9,1
99,99_b,10,1
99,99_b,11,5
99,99_b,12,4
100,100_a,1,6
100,100_a,2,1
100,100_a,3,4
100,100_a,4,6
100,100_a,5,5
100,100_a,6,1
100,100_a,7,2
100,100_a,8,4
100,100_a,9,6
100,100_a,10,5
100,100_a,11,1
100,100_a,12,1
100,100_b,1,1
100,100_b,2,6
100,100_b,3,5
100,100_b,4,5
100,100_b,5,2
100,100_b,6,6
100,100_b,7,5
100,100_b,8,2
100,100_b,9,3
100,100_b,10,6
100,100_b,11,4
100,100_b,12,3
101,101_a,1,5
101,101_a,2,4
101,101_a,3,5
101,101_a,4,4
101,101_a,5,6
101,101_a,6,5
101,101_a,7,3
101,101_a,8,5
101,101_a,9,3
101,101_a,10,4
101,101_a,11,5
101,101_a,12,4
101,101_b,1,6
101,101_b,2,3
101,101_b,3,5
101,101_b,4,6
101,101_b,5,5
101,101_b,6,2
101,101_b,7,5
101,101_b,8,5
101,101_b,9,1
101,101_b,10,4
101,101_b,11,6
101,101_b,12,3
102,102_a,1,6
102,102_a,2,5
102,102_a,3,6
102,102_a,4,3
102,102_a,5,2
102,102_a,6,6
102,102_a,7,6
102,102_a,8,5
102,102_a,9,5
102,102_a,10,6
102,102_a,11,1
102,102_a,12,3
102,102_b,1,1
102,102_b,2,5
102,102_b,3,3
102,102_b,4,6
102,102_b,5,5
102,102_b,6,3
102,102_b,7,6
102,102_b,8,4
102,102_b,9,1
102,102_b,10,4
102,102_b,11,5
102,102_b,12,3
103,103_a,1,6
103,103_a,2,5
103,103_a,3,1
103,103_a,4,4
103,103_a,5,6
103,103_a,6,3
103,103_a,7,1
103,103_a,8,5
103,103_a,9,2
103,103_a,10,6
103,103_a,11,4
103,103_a,12,2
103,103_b,1,6
103,103_b,2,2
103,103_b,3,2
103,103_b,4,3
103,103_b,5,6
103,103_b,6,1
103,103_b,7,5
103,103_b,8,4
103,103_b,9,1
103,103_b,10,6
103,103_b,11,5
103,103_b,12,5
104,104_a,1,1
104,104_a,2,1
104,104_a,3,3
104,104_a,4,4
104,104_a,5,4
104,104_a,6,2
104,104_a,7,1
104,104_a,8,3
104,104_a,9,5
104,104_a,10,2
104,104_a,11,4
104,104_a,12,1
104,104_b,1,1
104,104_b,2,2
104,104_b,3,3
104,104_b,4,3
104,104_b,5,5
104,104_b,6,6
104,104_b,7,1
104,104_b,8,3
104,104_b,9,4
104,104_b,10,6
104,104_b,11,6
104,104_b,12,3
105,105_a,1,3
105,105_a,2,1
105,105_a,3,5
105,105_a,4,6
105,105_a,5,4
105,105_a,6,2
105,105_a,7,6
105,105_a,8,4
105,105_a,9,2
105,105_a,10,6
105,105_a,11,6
105,105_a,12,5
105,105_b,1,2
105,105_b,2,2
105,105_b,3,5
105,105_b,4,2
105,105_b,5,2
105,105_b,6,6
105,105_b,7,5
105,105_b,8,3
105,105_b,9,4
105,105_b,10,4
105,105_b,11,2
105,105_b,12,4
106,106_a,1,3
106,106_a,2,6
106,106_a,3,6
106,106_a,4,5
106,106_a,5,2
106,106_a,6,6
106,106_a,7,4
106,106_a,8,5
106,106_a,9,5
106,106_a,10,6
106,106_a,11,3
106,106_a,12,6
106,106_b,1,6
106,106_b,2,5
106,106_b,3,5
106,106_b,4,2
106,106_b,5,5
106,106_b,6,6
106,106_b,7,4
106,106_b,8,4
106,106_b,9,6
106,106_b,10,4
106,106_b,11,2
106,106_b,12,6
107,107_a,1,4
107,107_a,2,6
107,107_a,3,3
107,107_a,4,6
107,107_a,5,4
107,107_a,6,5
107,107_a,7,4
107,107_a,8,2
107,107_a,9,6
107,107_a,10,4
107,107_a,11,4
107,107_a,12,6
107,107_b,1,6
107,107_b,2,4
107,107_b,3,6
107,107_b,4,5
107,107_b,5,3
107,107_b,6,3
107,107_b,7,1
107,107_b,8,6
107,107_b,9,3
107,107_b,10,4
107,107_b,11,5
107,107_b,12,1
108,108_a,1,6
108,108_a,2,4
108,108_a,3,5
108,108_a,4,3
108,108_a,5,4
108,108_a,6,6
108,108_a,7,4
108,108_a,8,4
108,108_a,9,6
108,108_a,10,1
108,108_a,11,3
108,108_a,12,5
108,108_b,1,1
108,108_b,2,5
108,108_b,3,6
108,108_b,4,2
108,108_b,5,5
108,108_b,6,4
108,108_b,7,5
108,108_b,8,1
108,108_b,9,3
108,108_b,10,1
108,108_b,11,6
108,108_b,12,6
109,109_a,1,2
109,109_a,2,6
109,109_a,3,5
109,109_a,4,3
109,109_a,5,1
109,109_a,6,4
109,109_a,7,3
109,109_a,8,5
109,109_a,9,6
109,109_a,10,6
109,109_a,11,5
109,109_a,12,5
109,109_b,1,6
109,109_b,2,5
109,109_b,3,3
109,109_b,4,2
109,109_b,5,2
109,109_b,6,5
109,109_b,7,3
109,109_b,8,6
109,109_b,9,1
109,109_b,10,3
109,109_b,11,3
109,109_b,12,4
110,110_a,1,4
110,110_a,2,5
110,110_a,3,2
110,110_a,4,4
110,110_a,5,4
110,110_a,6,3
110,110_a,7,6
110,110_a,8,1
110,110_a,9,2
110,110_a,10,5
110,110_a,11,5
110,110_a,12,5
110,110_b,1,6
110,110_b,2,3
110,110_b,3,3
110,110_b,4,4
110,110_b,5,5
110,110_b,6,6
110,110_b,7,5
110,110_b,8,5
110,110_b,9,4
110,110_b,10,6
110,110_b,11,3
110,110_b,12,1
112,112_a,1,5
112,112_a,2,5
112,112_a,3,2
112,112_a,4,2
112,112_a,5,6
112,112_a,6,4
112,112_a,7,4
112,112_a,8,4
112,112_a,9,6
112,112_a,10,1
112,112_a,11,4
112,112_a,12,3
112,112_b,1,4
112,112_b,2,6
112,112_b,3,4
112,112_b,4,4
112,112_b,5,3
112,112_b,6,2
112,112_b,7,2
112,112_b,8,3
112,112_b,9,4
112,112_b,10,3
112,112_b,11,6
112,112_b,12,6
113,113_a,1,4
113,113_a,2,5
113,113_a,3,4
113,113_a,4,4
113,113_a,5,5
113,113_a,6,3
113,113_a,7,1
113,113_a,8,6
113,113_a,9,2
113,113_a,10,6
113,113_a,11,2
113,113_a,12,2
113,113_b,1,6
113,113_b,2,5
113,113_b,3,3
113,113_b,4,3
113,113_b,5,5
113,113_b,6,2
113,113_b,7,3
113,113_b,8,3
113,113_b,9,5
113,113_b,10,5
113,113_b,11,6
113,113_b,12,2
114,114_a,1,3
114,114_a,2,5
114,114_a,3,6
114,114_a,4,2
114,114_a,5,4
114,114_a,6,3
114,114_a,7,5
114,114_a,8,2
114,114_a,9,4
114,114_a,10,4
114,114_a,11,6
114,114_a,12,6
114,114_b,1,1
114,114_b,2,3
114,114_b,3,5
114,114_b,4,6
114,114_b,5,5
114,114_b,6,4
114,114_b,7,5
114,114_b,8,4
114,114_b,9,6
114,114_b,10,6
114,114_b,11,5
114,114_b,12,6
115,115_a,1,2
115,115_a,2,6
115,115_a,3,5
115,115_a,4,6
115,115_a,5,3
115,115_a,6,4
115,115_a,7,5
115,115_a,8,4
115,115_a,9,1
115,115_a,10,6
115,115_a,11,6
115,115_a,12,2
115,115_b,1,4
115,115_b,2,5
115,115_b,3,5
115,115_b,4,2
115,115_b,5,5
115,115_b,6,6
115,115_b,7,2
115,115_b,8,5
115,115_b,9,1
115,115_b,10,2
115,115_b,11,1
115,115_b,12,2
116,116_a,1,5
116,116_a,2,6
116,116_a,3,5
116,116_a,4,5
116,116_a,5,6
116,116_a,6,4
116,116_a,7,1
116,116_a,8,6
116,116_a,9,4
116,116_a,10,5
116,116_a,11,2
116,116_a,12,5
116,116_b,1,1
116,116_b,2,5
116,116_b,3,6
116,116_b,4,6
116,116_b,5,5
116,116_b,6,5
116,116_b,7,3
116,116_b,8,2
116,116_b,9,6
116,116_b,10,4
116,116_b,11,3
116,116_b,12,3
117,117_a,1,6
117,117_a,2,5
117,117_a,3,2
117,117_a,4,4
117,117_a,5,6
117,117_a,6,5
117,117_a,7,4
117,117_a,8,2
117,117_a,9,1
117,117_a,10,2
117,117_a,11,6
117,117_a,12,5
117,117_b,1,2
117,117_b,2,3
117,117_b,3,2
117,117_b,4,1
117,117_b,5,3
117,117_b,6,5
117,117_b,7,1
117,117_b,8,4
117,117_b,9,1
117,117_b,10,3
117,117_b,11,2
117,117_b,12,5
118,118_a,1,6
118,118_a,2,6
118,118_a,3,6
118,118_a,4,2
118,118_a,5,2
118,118_a,6,5
118,118_a,7,6
118,118_a,8,6
118,118_a,9,3
118,118_a,10,2
118,118_a,11,3
118,118_a,12,6
118,118_b,1,5
118,118_b,2,4
118,118_b,3,6
118,118_b,4,5
118,118_b,5,6
118,118_b,6,4
118,118_b,7,6
118,118_b,8,5
118,118_b,9,5
118,118_b,10,3
118,118_b,11,4
118,118_b,12,5
119,119_a,1,6
119,119_a,2,6
119,119_a,3,4
119,119_a,4,6
119,119_a,5,5
119,119_a,6,6
119,119_a,7,5
119,119_a,8,4
119,119_a,9,5
119,119_a,10,6
119,119_a,11,5
119,119_a,12,6
119,119_b,1,6
119,119_b,2,5
119,119_b,3,6
119,119_b,4,5
119,119_b,5,5
119,119_b,6,4
119,119_b,7,6
119,119_b,8,5
119,119_b,9,5
119,119_b,10,5
119,119_b,11,6
119,119_b,12,6
120,120_a,1,5
120,120_a,2,6
120,120_a,3,5
120,120_a,4,6
120,120_a,5,4
120,120_a,6,6
120,120_a,7,6
120,120_a,8,6
120,120_a,9,5
120,120_a,10,6
120,120_a,11,6
120,120_a,12,6
120,120_b,1,4
120,120_b,2,4
120,120_b,3,2
120,120_b,4,6
120,120_b,5,5
120,120_b,6,5
120,120_b,7,6
120,120_b,8,5
120,120_b,9,6
120,120_b,10,4
120,120_b,11,1
120,120_b,12,5
121,121_a,1,4
121,121_a,2,3
121,121_a,3,1
121,121_a,4,6
121,121_a,5,4
121,121_a,6,6
121,121_a,7,3
121,121_a,8,5
121,121_a,9,4
121,121_a,10,3
121,121_a,11,5
121,121_a,12,5
121,121_b,1,4
121,121_b,2,2
121,121_b,3,4
121,121_b,4,1
121,121_b,5,4
121,121_b,6,4
121,121_b,7,5
121,121_b,8,5
121,121_b,9,4
121,121_b,10,4
121,121_b,11,5
121,121_b,12,2
122,122_a,1,6
122,122_a,2,2
122,122_a,3,1
122,122_a,4,1
122,122_a,5,2
122,122_a,6,6
122,122_a,7,4
122,122_a,8,2
122,122_a,9,1
122,122_a,10,6
122,122_a,11,4
122,122_a,12,4
122,122_b,1,5
122,122_b,2,5
122,122_b,3,4
122,122_b,4,5
122,122_b,5,4
122,122_b,6,2
122,122_b,7,4
122,122_b,8,6
122,122_b,9,6
122,122_b,10,4
122,122_b,11,5
122,122_b,12,3
123,123_a,1,6
123,123_a,2,1
123,123_a,3,5
123,123_a,4,4
123,123_a,5,5
123,123_a,6,1
123,123_a,7,6
123,123_a,8,4
123,123_a,9,3
123,123_a,10,5
123,123_a,11,4
123,123_a,12,2
123,123_b,1,4
123,123_b,2,5
123,123_b,3,4
123,123_b,4,6
123,123_b,5,1
123,123_b,6,5
123,123_b,7,6
123,123_b,8,2
123,123_b,9,1
123,123_b,10,4
123,123_b,11,5
123,123_b,12,3
124,124_a,1,3
124,124_a,2,5
124,124_a,3,6
124,124_a,4,5
124,124_a,5,5
124,124_a,6,1
124,124_a,7,6
124,124_a,8,3
124,124_a,9,3
124,124_a,10,4
124,124_a,11,4
124,124_a,12,4
124,124_b,1,4
124,124_b,2,3
124,124_b,3,3
124,124_b,4,1
124,124_b,5,4
124,124_b,6,2
124,124_b,7,5
124,124_b,8,5
124,124_b,9,4
124,124_b,10,6
124,124_b,11,3
124,124_b,12,3
125,125_a,1,3
125,125_a,2,4
125,125_a,3,1
125,125_a,4,6
125,125_a,5,6
125,125_a,6,1
125,125_a,7,6
125,125_a,8,5
125,125_a,9,4
125,125_a,10,4
125,125_a,11,5
125,125_a,12,5
125,125_b,1,2
125,125_b,2,5
125,125_b,3,2
125,125_b,4,6
125,125_b,5,3
125,125_b,6,6
125,125_b,7,1
125,125_b,8,4
125,125_b,9,3
125,125_b,10,1
125,125_b,11,3
125,125_b,12,6
126,126_a,1,4
126,126_a,2,1
126,126_a,3,3
126,126_a,4,4
126,126_a,5,4
126,126_a,6,3
126,126_a,7,2
126,126_a,8,5
126,126_a,9,2
126,126_a,10,2
126,126_a,11,2
126,126_a,12,6
126,126_b,1,5
126,126_b,2,1
126,126_b,3,4
126,126_b,4,3
126,126_b,5,3
126,126_b,6,4
126,126_b,7,6
126,126_b,8,3
126,126_b,9,3
126,126_b,10,1
126,126_b,11,3
126,126_b,12,4
127,127_a,1,5
127,127_a,2,2
127,127_a,3,2
127,127_a,4,2
127,127_a,5,2
127,127_a,6,3
127,127_a,7,6
127,127_a,8,2
127,127_a,9,3
127,127_a,10,5
127,127_a,11,6
127,127_a,12,6
127,127_b,1,1
127,127_b,2,3
127,127_b,3,1
127,127_b,4,2
127,127_b,5,5
127,127_b,6,6
127,127_b,7,3
127,127_b,8,3
127,127_b,9,6
127,127_b,10,3
127,127_b,11,5
127,127_b,12,6
128,128_a,1,2
128,128_a,2,6
128,128_a,3,3
128,128_a,4,1
128,128_a,5,2
128,128_a,6,1
128,128_a,7,4
128,128_a,8,3
128,128_a,9,2
128,128_a,10,4
128,128_a,11,4
128,128_a,12,1
128,128_b,1,4
128,128_b,2,3
128,128_b,3,1
128,128_b,4,3
128,128_b,5,6
128,128_b,6,4
128,128_b,7,3
128,128_b,8,4
128,128_b,9,2
128,128_b,10,6
128,128_b,11,1
128,128_b,12,4
129,129_a,1,4
129,129_a,2,6
129,129_a,3,6
129,129_a,4,5
129,129_a,5,5
129,129_a,6,5
129,129_a,7,6
129,129_a,8,6
129,129_a,9,6
129,129_a,10,6
129,129_a,11,6
129,129_a,12,4
129,129_b,1,4
129,129_b,2,5
129,129_b,3,5
129,129_b,4,4
129,129_b,5,4
129,129_b,6,1
129,129_b,7,5
129,129_b,8,5
129,129_b,9,2
129,129_b,10,5
129,129_b,11,4
129,129_b,12,5
130,130_a,1,6
130,130_a,2,6
130,130_a,3,5
130,130_a,4,5
130,130_a,5,6
130,130_a,6,3
130,130_a,7,5
130,130_a,8,4
130,130_a,9,5
130,130_a,10,5
130,130_a,11,5
130,130_a,12,5
130,130_b,1,6
130,130_b,2,5
130,130_b,3,6
130,130_b,4,3
130,130_b,5,2
130,130_b,6,3
130,130_b,7,6
130,130_b,8,5
130,130_b,9,4
130,130_b,10,6
130,130_b,11,2
130,130_b,12,1
131,131_a,1,3
131,131_a,2,2
131,131_a,3,4
131,131_a,4,3
131,131_a,5,5
131,131_a,6,4
131,131_a,7,3
131,131_a,8,3
131,131_a,9,4
131,131_a,10,1
131,131_a,11,4
131,131_a,12,2
131,131_b,1,4
131,131_b,2,6
131,131_b,3,4
131,131_b,4,4
131,131_b,5,6
131,131_b,6,4
131,131_b,7,5
131,131_b,8,6
131,131_b,9,4
131,131_b,10,6
131,131_b,11,6
131,131_b,12,4
132,132_a,1,3
132,132_a,2,4
132,132_a,3,5
132,132_a,4,1
132,132_a,5,5
132,132_a,6,2
132,132_a,7,6
132,132_a,8,4
132,132_a,9,3
132,132_a,10,2
132,132_a,11,5
132,132_a,12,2
132,132_b,1,5
132,132_b,2,3
132,132_b,3,1
132,132_b,4,5
132,132_b,5,5
132,132_b,6,6
132,132_b,7,5
132,132_b,8,5
132,132_b,9,6
132,132_b,10,3
132,132_b,11,4
132,132_b,12,4
133,133_a,1,6
133,133_a,2,2
133,133_a,3,4
133,133_a,4,6
133,133_a,5,3
133,133_a,6,2
133,133_a,7,3
133,133_a,8,3
133,133_a,9,6
133,133_a,10,2
133,133_a,11,5
133,133_a,12,1
133,133_b,1,3
133,133_b,2,1
133,133_b,3,5
133,133_b,4,5
133,133_b,5,6
133,133_b,6,6
133,133_b,7,1
133,133_b,8,4
133,133_b,9,6
133,133_b,10,2
133,133_b,11,4
133,133_b,12,1
134,134_a,1,4
134,134_a,2,3
134,134_a,3,1
134,134_a,4,4
134,134_a,5,4
134,134_a,6,6
134,134_a,7,6
134,134_a,8,6
134,134_a,9,5
134,134_a,10,6
134,134_a,11,4
134,134_a,12,1
134,134_b,1,6
134,134_b,2,5
134,134_b,3,3
134,134_b,4,5
134,134_b,5,4
134,134_b,6,4
134,134_b,7,1
134,134_b,8,5
134,134_b,9,4
134,134_b,10,1
134,134_b,11,5
134,134_b,12,1
135,135_a,1,5
135,135_a,2,6
135,135_a,3,3
135,135_a,4,4
135,135_a,5,2
135,135_a,6,4
135,135_a,7,6
135,135_a,8,5
135,135_a,9,6
135,135_a,10,6
135,135_a,11,1
135,135_a,12,4
135,135_b,1,2
135,135_b,2,4
135,135_b,3,5
135,135_b,4,5
135,135_b,5,2
135,135_b,6,2
135,135_b,7,6
135,135_b,8,2
135,135_b,9,2
135,135_b,10,3
135,135_b,11,3
135,135_b,12,2
136,136_a,1,6
136,136_a,2,3
136,136_a,3,5
136,136_a,4,5
136,136_a,5,4
136,136_a,6,6
136,136_a,7,4
136,136_a,8,6
136,136_a,9,6
136,136_a,10,4
136,136_a,11,3
136,136_a,12,3
136,136_b,1,4
136,136_b,2,5
136,136_b,3,6
136,136_b,4,5
136,136_b,5,4
136,136_b,6,3
136,136_b,7,5
136,136_b,8,3
136,136_b,9,6
136,136_b,10,2
136,136_b,11,6
136,136_b,12,5
137,137_a,1,4
137,137_a,2,2
137,137_a,3,3
137,137_a,4,6
137,137_a,5,2
137,137_a,6,3
137,137_a,7,3
137,137_a,8,1
137,137_a,9,6
137,137_a,10,1
137,137_a,11,2
137,137_a,12,6
137,137_b,1,6
137,137_b,2,3
137,137_b,3,4
137,137_b,4,4
137,137_b,5,6
137,137_b,6,3
137,137_b,7,3
137,137_b,8,1
137,137_b,9,6
137,137_b,10,1
137,137_b,11,3
137,137_b,12,2
138,138_a,1,5
138,138_a,2,6
138,138_a,3,3
138,138_a,4,2
138,138_a,5,4
138,138_a,6,5
138,138_a,7,5
138,138_a,8,4
138,138_a,9,2
138,138_a,10,4
138,138_a,11,6
138,138_a,12,6
138,138_b,1,6
138,138_b,2,5
138,138_b,3,6
138,138_b,4,5
138,138_b,5,5
138,138_b,6,4
138,138_b,7,6
138,138_b,8,6
138,138_b,9,6
138,138_b,10,6
138,138_b,11,4
138,138_b,12,5
139,139_a,1,4
139,139_a,2,6
139,139_a,3,4
139,139_a,4,5
139,139_a,5,1
139,139_a,6,3
139,139_a,7,5
139,139_a,8,4
139,139_a,9,5
139,139_a,10,2
139,139_a,11,1
139,139_a,12,1
139,139_b,1,3
139,139_b,2,4
139,139_b,3,3
139,139_b,4,4
139,139_b,5,4
139,139_b,6,4
139,139_b,7,5
139,139_b,8,2
139,139_b,9,1
139,139_b,10,3
139,139_b,11,6
139,139_b,12,1
140,140_a,1,1
140,140_a,2,6
140,140_a,3,6
140,140_a,4,1
140,140_a,5,4
140,140_a,6,1
140,140_a,7,2
140,140_a,8,4
140,140_a,9,5
140,140_a,10,6
140,140_a,11,4
140,140_a,12,4
140,140_b,1,1
140,140_b,2,6
140,140_b,3,4
140,140_b,4,6
140,140_b,5,3
140,140_b,6,3
140,140_b,7,4
140,140_b,8,5
140,140_b,9,3
140,140_b,10,5
140,140_b,11,1
140,140_b,12,4
141,141_a,1,2
141,141_a,2,4
141,141_a,3,5
141,141_a,4,1
141,141_a,5,5
141,141_a,6,5
141,141_a,7,4
141,141_a,8,1
141,141_a,9,2
141,141_a,10,4
141,141_a,11,2
141,141_a,12,1
141,141_b,1,6
141,141_b,2,5
141,141_b,3,2
141,141_b,4,6
141,141_b,5,6
141,141_b,6,4
141,141_b,7,3
141,141_b,8,1
141,141_b,9,6
141,141_b,10,3
141,141_b,11,4
141,141_b,12,6
142,142_a,1,3
142,142_a,2,1
142,142_a,3,6
142,142_a,4,3
142,142_a,5,6
142,142_a,6,4
142,142_a,7,3
142,142_a,8,5
142,142_a,9,1
142,142_a,10,5
142,142_a,11,2
142,142_a,12,6
142,142_b,1,5
142,142_b,2,2
142,142_b,3,1
142,142_b,4,3
142,142_b,5,1
142,142_b,6,5
142,142_b,7,4
142,142_b,8,6
142,142_b,9,5
142,142_b,10,5
142,142_b,11,4
142,142_b,12,6
143,143_a,1,3
143,143_a,2,1
143,143_a,3,5
143,143_a,4,6
143,143_a,5,1
143,143_a,6,4
143,143_a,7,1
143,143_a,8,6
143,143_a,9,2
143,143_a,10,1
143,143_a,11,5
143,143_a,12,4
143,143_b,1,4
143,143_b,2,3
143,143_b,3,2
143,143_b,4,1
143,143_b,5,4
143,143_b,6,6
143,143_b,7,5
143,143_b,8,1
143,143_b,9,6
143,143_b,10,4
143,143_b,11,2
143,143_b,12,3
144,144_a,1,4
144,144_a,2,6
144,144_a,3,3
144,144_a,4,2
144,144_a,5,2
144,144_a,6,5
144,144_a,7,4
144,144_a,8,4
144,144_a,9,1
144,144_a,10,4
144,144_a,11,5
144,144_a,12,5
144,144_b,1,6
144,144_b,2,6
144,144_b,3,6
144,144_b,4,6
144,144_b,5,2
144,144_b,6,4
144,144_b,7,1
144,144_b,8,5
144,144_b,9,6
144,144_b,10,5
144,144_b,11,6
144,144_b,12,1
145,145_a,1,2
145,145_a,2,2
145,145_a,3,2
145,145_a,4,6
145,145_a,5,5
145,145_a,6,6
145,145_a,7,1
145,145_a,8,1
145,145_a,9,5
145,145_a,10,2
145,145_a,11,6
145,145_a,12,2
145,145_b,1,2
145,145_b,2,5
145,145_b,3,2
145,145_b,4,4
145,145_b,5,1
145,145_b,6,1
145,145_b,7,6
145,145_b,8,3
145,145_b,9,3
145,145_b,10,5
145,145_b,11,4
145,145_b,12,5
146,146_a,1,6
146,146_a,2,1
146,146_a,3,4
146,146_a,4,4
146,146_a,5,5
146,146_a,6,1
146,146_a,7,3
146,146_a,8,5
146,146_a,9,6
146,146_a,10,2
146,146_a,11,2
146,146_a,12,1
146,146_b,1,4
146,146_b,2,4
146,146_b,3,1
146,146_b,4,2
146,146_b,5,1
146,146_b,6,2
146,146_b,7,1
146,146_b,8,6
146,146_b,9,1
146,146_b,10,5
146,146_b,11,4
146,146_b,12,6
147,147_a,1,4
147,147_a,2,1
147,147_a,3,4
147,147_a,4,1
147,147_a,5,5
147,147_a,6,1
147,147_a,7,6
147,147_a,8,3
147,147_a,9,6
147,147_a,10,4
147,147_a,11,5
147,147_a,12,4
147,147_b,1,3
147,147_b,2,1
147,147_b,3,3
147,147_b,4,2
147,147_b,5,6
147,147_b,6,6
147,147_b,7,5
147,147_b,8,4
147,147_b,9,2
147,147_b,10,1
147,147_b,11,4
147,147_b,12,3
148,148_a,1,4
148,148_a,2,5
148,148_a,3,6
148,148_a,4,5
148,148_a,5,4
148,148_a,6,6
148,148_a,7,5
148,148_a,8,6
148,148_a,9,5
148,148_a,10,6
148,148_a,11,6
148,148_a,12,6
148,148_b,1,6
148,148_b,2,5
148,148_b,3,6
148,148_b,4,6
148,148_b,5,6
148,148_b,6,5
148,148_b,7,5
148,148_b,8,6
148,148_b,9,6
148,148_b,10,5
148,148_b,11,6
148,148_b,12,6
149,149_a,1,6
149,149_a,2,4
149,149_a,3,3
149,149_a,4,6
149,149_a,5,5
149,149_a,6,3
149,149_a,7,4
149,149_a,8,6
149,149_a,9,5
149,149_a,10,5
149,149_a,11,6
149,149_a,12,4
149,149_b,1,3
149,149_b,2,3
149,149_b,3,4
149,149_b,4,5
149,149_b,5,5
149,149_b,6,5
149,149_b,7,3
149,149_b,8,4
149,149_b,9,4
149,149_b,10,6
149,149_b,11,3
149,149_b,12,6
150,150_a,1,1
150,150_a,2,6
150,150_a,3,3
150,150_a,4,2
150,150_a,5,3
150,150_a,6,4
150,150_a,7,5
150,150_a,8,5
150,150_a,9,2
150,150_a,10,4
150,150_a,11,4
150,150_a,12,1
150,150_b,1,5
150,150_b,2,2
150,150_b,3,1
150,150_b,4,2
150,150_b,5,6
150,150_b,6,3
150,150_b,7,5
150,150_b,8,3
150,150_b,9,3
150,150_b,10,4
150,150_b,11,1
150,150_b,12,6
151,151_a,1,2
151,151_a,2,3
151,151_a,3,1
151,151_a,4,5
151,151_a,5,5
151,151_a,6,3
151,151_a,7,1
151,151_a,8,5
151,151_a,9,6
151,151_a,10,1
151,151_a,11,2
151,151_a,12,2
151,151_b,1,2
151,151_b,2,4
151,151_b,3,3
151,151_b,4,4
151,151_b,5,3
151,151_b,6,6
151,151_b,7,5
151,151_b,8,4
151,151_b,9,5
151,151_b,10,2
151,151_b,11,3
151,151_b,12,5
152,152_a,1,6
152,152_a,2,5
152,152_a,3,4
152,152_a,4,6
152,152_a,5,5
152,152_a,6,2
152,152_a,7,5
152,152_a,8,6
152,152_a,9,5
152,152_a,10,4
152,152_a,11,2
152,152_a,12,6
152,152_b,1,5
152,152_b,2,4
152,152_b,3,6
152,152_b,4,3
152,152_b,5,5
152,152_b,6,6
152,152_b,7,4
152,152_b,8,4
152,152_b,9,6
152,152_b,10,2
152,152_b,11,6
152,152_b,12,5
153,153_a,1,6
153,153_a,2,1
153,153_a,3,6
153,153_a,4,2
153,153_a,5,3
153,153_a,6,3
153,153_a,7,1
153,153_a,8,3
153,153_a,9,4
153,153_a,10,5
153,153_a,11,1
153,153_a,12,5
153,153_b,1,2
153,153_b,2,2
153,153_b,3,5
153,153_b,4,5
153,153_b,5,1
153,153_b,6,3
153,153_b,7,6
153,153_b,8,6
153,153_b,9,2
153,153_b,10,2
153,153_b,11,4
153,153_b,12,5
154,154_a,1,3
154,154_a,2,5
154,154_a,3,6
154,154_a,4,4
154,154_a,5,5
154,154_a,6,1
154,154_a,7,5
154,154_a,8,5
154,154_a,9,4
154,154_a,10,5
154,154_a,11,5
154,154_a,12,1
154,154_b,1,5
154,154_b,2,5
154,154_b,3,6
154,154_b,4,4
154,154_b,5,1
154,154_b,6,3
154,154_b,7,6
154,154_b,8,1
154,154_b,9,2
154,154_b,10,3
154,154_b,11,2
154,154_b,12,3
155,155_a,1,3
155,155_a,2,5
155,155_a,3,3
155,155_a,4,5
155,155_a,5,6
155,155_a,6,4
155,155_a,7,2
155,155_a,8,6
155,155_a,9,6
155,155_a,10,3
155,155_a,11,4
155,155_a,12,5
155,155_b,1,5
155,155_b,2,6
155,155_b,3,3
155,155_b,4,3
155,155_b,5,6
155,155_b,6,2
155,155_b,7,3
155,155_b,8,3
155,155_b,9,2
155,155_b,10,1
155,155_b,11,2
155,155_b,12,1
156,156_a,1,5
156,156_a,2,5
156,156_a,3,2
156,156_a,4,6
156,156_a,5,2
156,156_a,6,3
156,156_a,7,2
156,156_a,8,2
156,156_a,9,2
156,156_a,10,3
156,156_a,11,3
156,156_a,12,6
156,156_b,1,2
156,156_b,2,6
156,156_b,3,2
156,156_b,4,6
156,156_b,5,1
156,156_b,6,5
156,156_b,7,3
156,156_b,8,4
156,156_b,9,4
156,156_b,10,4
156,156_b,11,5
156,156_b,12,2
157,157_a,1,3
157,157_a,2,2
157,157_a,3,1
157,157_a,4,5
157,157_a,5,5
157,157_a,6,6
157,157_a,7,1
157,157_a,8,3
157,157_a,9,1
157,157_a,10,4
157,157_a,11,4
157,157_a,12,4
157,157_b,1,5
157,157_b,2,3
157,157_b,3,5
157,157_b,4,3
157,157_b,5,5
157,157_b,6,3
157,157_b,7,2
157,157_b,8,1
157,157_b,9,6
157,157_b,10,6
157,157_b,11,3
157,157_b,12,6
158,158_a,1,6
158,158_a,2,1
158,158_a,3,4
158,158_a,4,6
158,158_a,5,1
158,158_a,6,2
158,158_a,7,3
158,158_a,8,4
158,158_a,9,5
158,158_a,10,6
158,158_a,11,5
158,158_a,12,6
158,158_b,1,1
158,158_b,2,3
158,158_b,3,3
158,158_b,4,4
158,158_b,5,3
158,158_b,6,2
158,158_b,7,4
158,158_b,8,2
158,158_b,9,4
158,158_b,10,5
158,158_b,11,6
158,158_b,12,3
159,159_a,1,1
159,159_a,2,1
159,159_a,3,3
159,159_a,4,1
159,159_a,5,4
159,159_a,6,4
159,159_a,7,1
159,159_a,8,1
159,159_a,9,6
159,159_a,10,4
159,159_a,11,4
159,159_a,12,1
159,159_b,1,1
159,159_b,2,3
159,159_b,3,4
159,159_b,4,1
159,159_b,5,5
159,159_b,6,5
159,159_b,7,3
159,159_b,8,1
159,159_b,9,4
159,159_b,10,6
159,159_b,11,2
159,159_b,12,6
160,160_a,1,5
160,160_a,2,6
160,160_a,3,6
160,160_a,4,4
160,160_a,5,3
160,160_a,6,5
160,160_a,7,5
160,160_a,8,5
160,160_a,9,4
160,160_a,10,2
160,160_a,11,2
160,160_a,12,3
160,160_b,1,5
160,160_b,2,5
160,160_b,3,4
160,160_b,4,4
160,160_b,5,6
160,160_b,6,2
160,160_b,7,3
160,160_b,8,5
160,160_b,9,4
160,160_b,10,5
160,160_b,11,3
160,160_b,12,6
161,161_a,1,6
161,161_a,2,6
161,161_a,3,1
161,161_a,4,2
161,161_a,5,1
161,161_a,6,2
161,161_a,7,1
161,161_a,8,6
161,161_a,9,3
161,161_a,10,5
161,161_a,11,2
161,161_a,12,5
161,161_b,1,3
161,161_b,2,5
161,161_b,3,1
161,161_b,4,2
161,161_b,5,4
161,161_b,6,4
161,161_b,7,5
161,161_b,8,5
161,161_b,9,6
161,161_b,10,3
161,161_b,11,5
161,161_b,12,2
162,162_a,1,6
162,162_a,2,1
162,162_a,3,5
162,162_a,4,1
162,162_a,5,2
162,162_a,6,3
162,162_a,7,6
162,162_a,8,3
162,162_a,9,2
162,162_a,10,1
162,162_a,11,5
162,162_a,12,2
162,162_b,1,3
162,162_b,2,1
162,162_b,3,5
162,162_b,4,2
162,162_b,5,3
162,162_b,6,6
162,162_b,7,1
162,162_b,8,4
162,162_b,9,5
162,162_b,10,6
162,162_b,11,5
162,162_b,12,3
163,163_a,1,3
163,163_a,2,1
163,163_a,3,2
163,163_a,4,3
163,163_a,5,4
163,163_a,6,1
163,163_a,7,3
163,163_a,8,1
163,163_a,9,4
163,163_a,10,5
163,163_a,11,6
163,163_a,12,5
163,163_b,1,2
163,163_b,2,2
163,163_b,3,2
163,163_b,4,1
163,163_b,5,2
163,163_b,6,2
163,163_b,7,6
163,163_b,8,3
163,163_b,9,4
163,163_b,10,2
163,163_b,11,3
163,163_b,12,4
164,164_a,1,3
164,164_a,2,1
164,164_a,3,4
164,164_a,4,2
164,164_a,5,6
164,164_a,6,5
164,164_a,7,4
164,164_a,8,6
164,164_a,9,4
164,164_a,10,6
164,164_a,11,4
164,164_a,12,6
164,164_b,1,6
164,164_b,2,6
164,164_b,3,5
164,164_b,4,5
164,164_b,5,4
164,164_b,6,6
164,164_b,7,5
164,164_b,8,4
164,164_b,9,5
164,164_b,10,4
164,164_b,11,5
164,164_b,12,5
165,165_a,1,4
165,165_a,2,5
165,165_a,3,3
165,165_a,4,4
165,165_a,5,4
165,165_a,6,5
165,165_a,7,2
165,165_a,8,5
165,165_a,9,3
165,165_a,10,2
165,165_a,11,5
165,165_a,12,2
165,165_b,1,4
165,165_b,2,2
165,165_b,3,3
165,165_b,4,3
165,165_b,5,4
165,165_b,6,2
165,165_b,7,3
165,165_b,8,5
165,165_b,9,6
165,165_b,10,1
165,165_b,11,4
165,165_b,12,1
166,166_a,1,1
166,166_a,2,1
166,166_a,3,5
166,166_a,4,2
166,166_a,5,4
166,166_a,6,5
166,166_a,7,3
166,166_a,8,2
166,166_a,9,2
166,166_a,10,5
166,166_a,11,6
166,166_a,12,5
166,166_b,1,2
166,166_b,2,5
166,166_b,3,5
166,166_b,4,3
166,166_b,5,6
166,166_b,6,3
166,166_b,7,4
166,166_b,8,5
166,166_b,9,6
166,166_b,10,5
166,166_b,11,5
166,166_b,12,1
167,167_a,1,4
167,167_a,2,3
167,167_a,3,5
167,167_a,4,5
167,167_a,5,2
167,167_a,6,4
167,167_a,7,5
167,167_a,8,6
167,167_a,9,2
167,167_a,10,6
167,167_a,11,6
167,167_a,12,4
167,167_b,1,5
167,167_b,2,5
167,167_b,3,4
167,167_b,4,3
167,167_b,5,6
167,167_b,6,4
167,167_b,7,3
167,167_b,8,5
167,167_b,9,5
167,167_b,10,3
167,167_b,11,3
167,167_b,12,5
168,168_a,1,6
168,168_a,2,6
168,168_a,3,2
168,168_a,4,3
168,168_a,5,4
168,168_a,6,3
168,168_a,7,4
168,168_a,8,2
168,168_a,9,4
168,168_a,10,6
168,168_a,11,6
168,168_a,12,2
168,168_b,1,2
168,168_b,2,3
168,168_b,3,6
168,168_b,4,5
168,168_b,5,3
168,168_b,6,3
168,168_b,7,6
168,168_b,8,4
168,168_b,9,6
168,168_b,10,6
168,168_b,11,1
168,168_b,12,4
169,169_a,1,3
169,169_a,2,6
169,169_a,3,3
169,169_a,4,4
169,169_a,5,4
169,169_a,6,6
169,169_a,7,1
169,169_a,8,4
169,169_a,9,5
169,169_a,10,4
169,169_a,11,3
169,169_a,12,4
169,169_b,1,6
169,169_b,2,6
169,169_b,3,3
169,169_b,4,6
169,169_b,5,1
169,169_b,6,6
169,169_b,7,6
169,169_b,8,4
169,169_b,9,4
169,169_b,10,2
169,169_b,11,2
169,169_b,12,3
170,170_a,1,4
170,170_a,2,5
170,170_a,3,5
170,170_a,4,1
170,170_a,5,5
170,170_a,6,5
170,170_a,7,6
170,170_a,8,2
170,170_a,9,5
170,170_a,10,1
170,170_a,11,1
170,170_a,12,1
170,170_b,1,6
170,170_b,2,4
170,170_b,3,6
170,170_b,4,5
170,170_b,5,4
170,170_b,6,3
170,170_b,7,2
170,170_b,8,3
170,170_b,9,5
170,170_b,10,5
170,170_b,11,2
170,170_b,12,2
171,171_a,1,3
171,171_a,2,4
171,171_a,3,5
171,171_a,4,3
171,171_a,5,1
171,171_a,6,1
171,171_a,7,4
171,171_a,8,5
171,171_a,9,2
171,171_a,10,6
171,171_a,11,1
171,171_a,12,3
171,171_b,1,2
171,171_b,2,4
171,171_b,3,3
171,171_b,4,5
171,171_b,5,1
171,171_b,6,6
171,171_b,7,3
171,171_b,8,6
171,171_b,9,6
171,171_b,10,2
171,171_b,11,3
171,171_b,12,6
172,172_a,1,6
172,172_a,2,4
172,172_a,3,2
172,172_a,4,3
172,172_a,5,1
172,172_a,6,5
172,172_a,7,2
172,172_a,8,1
172,172_a,9,3
172,172_a,10,6
172,172_a,11,6
172,172_a,12,3
172,172_b,1,2
172,172_b,2,4
172,172_b,3,4
172,172_b,4,4
172,172_b,5,2
172,172_b,6,1
172,172_b,7,6
172,172_b,8,5
172,172_b,9,6
172,172_b,10,6
172,172_b,11,2
172,172_b,12,5
173,173_a,1,4
173,173_a,2,1
173,173_a,3,3
173,173_a,4,4
173,173_a,5,6
173,173_a,6,4
173,173_a,7,5
173,173_a,8,5
173,173_a,9,5
173,173_a,10,5
173,173_a,11,3
173,173_a,12,3
173,173_b,1,6
173,173_b,2,5
173,173_b,3,4
173,173_b,4,1
173,173_b,5,5
173,173_b,6,5
173,173_b,7,4
173,173_b,8,6
173,173_b,9,3
173,173_b,10,6
173,173_b,11,5
173,173_b,12,5
174,174_a,1,5
174,174_a,2,2
174,174_a,3,1
174,174_a,4,3
174,174_a,5,3
174,174_a,6,6
174,174_a,7,1
174,174_a,8,2
174,174_a,9,1
174,174_a,10,3
174,174_a,11,6
174,174_a,12,5
174,174_b,1,2
174,174_b,2,3
174,174_b,3,5
174,174_b,4,2
174,174_b,5,6
174,174_b,6,5
174,174_b,7,3
174,174_b,8,3
174,174_b,9,1
174,174_b,10,2
174,174_b,11,5
174,174_b,12,6
175,175_a,1,4
175,175_a,2,6
175,175_a,3,5
175,175_a,4,6
175,175_a,5,6
175,175_a,6,5
175,175_a,7,6
175,175_a,8,6
175,175_a,9,6
175,175_a,10,6
175,175_a,11,6
175,175_a,12,6
175,175_b,1,4
175,175_b,2,1
175,175_b,3,4
175,175_b,4,5
175,175_b,5,5
175,175_b,6,4
175,175_b,7,6
175,175_b,8,4
175,175_b,9,5
175,175_b,10,1
175,175_b,11,4
175,175_b,12,4
176,176_a,1,2
176,176_a,2,6
176,176_a,3,2
176,176_a,4,6
176,176_a,5,3
176,176_a,6,1
176,176_a,7,1
176,176_a,8,3
176,176_a,9,6
176,176_a,10,2
176,176_a,11,1
176,176_a,12,2
176,176_b,1,4
176,176_b,2,4
176,176_b,3,5
176,176_b,4,5
176,176_b,5,6
176,176_b,6,5
176,176_b,7,6
176,176_b,8,4
176,176_b,9,4
176,176_b,10,5
176,176_b,11,6
176,176_b,12,6
177,177_a,1,4
177,177_a,2,1
177,177_a,3,1
177,177_a,4,3
177,177_a,5,5
177,177_a,6,4
177,177_a,7,5
177,177_a,8,6
177,177_a,9,5
177,177_a,10,6
177,177_a,11,6
177,177_a,12,3
177,177_b,1,2
177,177_b,2,2
177,177_b,3,4
177,177_b,4,4
177,177_b,5,6
177,177_b,6,3
177,177_b,7,3
177,177_b,8,6
177,177_b,9,4
177,177_b,10,1
177,177_b,11,4
177,177_b,12,5
178,178_a,1,6
178,178_a,2,5
178,178_a,3,4
178,178_a,4,5
178,178_a,5,6
178,178_a,6,6
178,178_a,7,5
178,178_a,8,6
178,178_a,9,2
178,178_a,10,6
178,178_a,11,4
178,178_a,12,6
178,178_b,1,6
178,178_b,2,2
178,178_b,3,1
178,178_b,4,6
178,178_b,5,1
178,178_b,6,6
178,178_b,7,1
178,178_b,8,4
178,178_b,9,1
178,178_b,10,4
178,178_b,11,1
178,178_b,12,1
179,179_a,1,6
179,179_a,2,4
179,179_a,3,6
179,179_a,4,4
179,179_a,5,5
179,179_a,6,5
179,179_a,7,1
179,179_a,8,1
179,179_a,9,1
179,179_a,10,3
179,179_a,11,4
179,179_a,12,5
179,179_b,1,4
179,179_b,2,5
179,179_b,3,5
179,179_b,4,4
179,179_b,5,3
179,179_b,6,4
179,179_b,7,2
179,179_b,8,4
179,179_b,9,5
179,179_b,10,1
179,179_b,11,5
179,179_b,12,3
180,180_a,1,5
180,180_a,2,5
180,180_a,3,1
180,180_a,4,3
180,180_a,5,6
180,180_a,6,3
180,180_a,7,1
180,180_a,8,2
180,180_a,9,3
180,180_a,10,2
180,180_a,11,1
180,180_a,12,2
180,180_b,1,5
180,180_b,2,6
180,180_b,3,3
180,180_b,4,3
180,180_b,5,2
180,180_b,6,5
180,180_b,7,2
180,180_b,8,5
180,180_b,9,2
180,180_b,10,6
180,180_b,11,3
180,180_b,12,3
181,181_a,1,2
181,181_a,2,2
181,181_a,3,3
181,181_a,4,6
181,181_a,5,6
181,181_a,6,1
181,181_a,7,1
181,181_a,8,4
181,181_a,9,3
181,181_a,10,5
181,181_a,11,2
181,181_a,12,4
181,181_b,1,5
181,181_b,2,6
181,181_b,3,2
181,181_b,4,3
181,181_b,5,4
181,181_b,6,3
181,181_b,7,3
181,181_b,8,3
181,181_b,9,6
181,181_b,10,2
181,181_b,11,2
181,181_b,12,4
182,182_a,1,5
182,182_a,2,1
182,182_a,3,2
182,182_a,4,1
182,182_a,5,3
182,182_a,6,6
182,182_a,7,6
182,182_a,8,1
182,182_a,9,4
182,182_a,10,2
182,182_a,11,5
182,182_a,12,5
182,182_b,1,4
182,182_b,2,4
182,182_b,3,5
182,182_b,4,5
182,182_b,5,5
182,182_b,6,1
182,182_b,7,6
182,182_b,8,6
182,182_b,9,1
182,182_b,10,4
182,182_b,11,4
182,182_b,12,6
183,183_a,1,5
183,183_a,2,4
183,183_a,3,4
183,183_a,4,5
183,183_a,5,1
183,183_a,6,1
183,183_a,7,2
183,183_a,8,1
183,183_a,9,3
183,183_a,10,1
183,183_a,11,6
183,183_a,12,1
183,183_b,1,5
183,183_b,2,6
183,183_b,3,2
183,183_b,4,2
183,183_b,5,2
183,183_b,6,1
183,183_b,7,4
183,183_b,8,1
183,183_b,9,3
183,183_b,10,5
183,183_b,11,6
183,183_b,12,1
184,184_a,1,5
184,184_a,2,3
184,184_a,3,6
184,184_a,4,2
184,184_a,5,4
184,184_a,6,6
184,184_a,7,1
184,184_a,8,2
184,184_a,9,3
184,184_a,10,3
184,184_a,11,1
184,184_a,12,2
184,184_b,1,1
184,184_b,2,6
184,184_b,3,4
184,184_b,4,4
184,184_b,5,3
184,184_b,6,4
184,184_b,7,6
184,184_b,8,1
184,184_b,9,6
184,184_b,10,2
184,184_b,11,3
184,184_b,12,2
185,185_a,1,5
185,185_a,2,3
185,185_a,3,1
185,185_a,4,5
185,185_a,5,4
185,185_a,6,2
185,185_a,7,3
185,185_a,8,4
185,185_a,9,2
185,185_a,10,3
185,185_a,11,2
185,185_a,12,1
185,185_b,1,4
185,185_b,2,5
185,185_b,3,2
185,185_b,4,4
185,185_b,5,6
185,185_b,6,4
185,185_b,7,3
185,185_b,8,4
185,185_b,9,3
185,185_b,10,3
185,185_b,11,4
185,185_b,12,3
186,186_a,1,6
186,186_a,2,6
186,186_a,3,6
186,186_a,4,6
186,186_a,5,6
186,186_a,6,6
186,186_a,7,6
186,186_a,8,6
186,186_a,9,6
186,186_a,10,6
186,186_a,11,6
186,186_a,12,6
186,186_b,1,3
186,186_b,2,1
186,186_b,3,5
186,186_b,4,5
186,186_b,5,6
186,186_b,6,4
186,186_b,7,6
186,186_b,8,5
186,186_b,9,6
186,186_b,10,4
186,186_b,11,6
186,186_b,12,5
187,187_a,1,6
187,187_a,2,1
187,187_a,3,6
187,187_a,4,4
187,187_a,5,1
187,187_a,6,6
187,187_a,7,4
187,187_a,8,6
187,187_a,9,5
187,187_a,10,6
187,187_a,11,5
187,187_a,12,1
187,187_b,1,3
187,187_b,2,4
187,187_b,3,3
187,187_b,4,3
187,187_b,5,1
187,187_b,6,3
187,187_b,7,4
187,187_b,8,1
187,187_b,9,4
187,187_b,10,2
187,187_b,11,5
187,187_b,12,4
188,188_a,1,1
188,188_a,2,2
188,188_a,3,1
188,188_a,4,2
188,188_a,5,6
188,188_a,6,1
188,188_a,7,1
188,188_a,8,3
188,188_a,9,6
188,188_a,10,3
188,188_a,11,6
188,188_a,12,6
188,188_b,1,4
188,188_b,2,1
188,188_b,3,2
188,188_b,4,4
188,188_b,5,5
188,188_b,6,6
188,188_b,7,6
188,188_b,8,1
188,188_b,9,6
188,188_b,10,2
188,188_b,11,5
188,188_b,12,4
189,189_a,1,4
189,189_a,2,4
189,189_a,3,5
189,189_a,4,6
189,189_a,5,4
189,189_a,6,4
189,189_a,7,2
189,189_a,8,2
189,189_a,9,3
189,189_a,10,3
189,189_a,11,6
189,189_a,12,5
189,189_b,1,5
189,189_b,2,4
189,189_b,3,4
189,189_b,4,3
189,189_b,5,5
189,189_b,6,6
189,189_b,7,4
189,189_b,8,2
189,189_b,9,1
189,189_b,10,2
189,189_b,11,3
189,189_b,12,2
190,190_a,1,6
190,190_a,2,5
190,190_a,3,4
190,190_a,4,6
190,190_a,5,6
190,190_a,6,6
190,190_a,7,4
190,190_a,8,5
190,190_a,9,5
190,190_a,10,6
190,190_a,11,5
190,190_a,12,4
190,190_b,1,4
190,190_b,2,5
190,190_b,3,3
190,190_b,4,6
190,190_b,5,6
190,190_b,6,6
190,190_b,7,5
190,190_b,8,4
190,190_b,9,6
190,190_b,10,5
190,190_b,11,4
190,190_b,12,4
191,191_a,1,4
191,191_a,2,3
191,191_a,3,6
191,191_a,4,1
191,191_a,5,2
191,191_a,6,1
191,191_a,7,1
191,191_a,8,5
191,191_a,9,6
191,191_a,10,2
191,191_a,11,1
191,191_a,12,5
191,191_b,1,5
191,191_b,2,3
191,191_b,3,4
191,191_b,4,6
191,191_b,5,4
191,191_b,6,6
191,191_b,7,3
191,191_b,8,4
191,191_b,9,3
191,191_b,10,3
191,191_b,11,6
191,191_b,12,4
192,192_a,1,6
192,192_a,2,5
192,192_a,3,5
192,192_a,4,6
192,192_a,5,1
192,192_a,6,4
192,192_a,7,6
192,192_a,8,6
192,192_a,9,1
192,192_a,10,5
192,192_a,11,6
192,192_a,12,6
192,192_b,1,6
192,192_b,2,6
192,192_b,3,6
192,192_b,4,6
192,192_b,5,6
192,192_b,6,6
192,192_b,7,6
192,192_b,8,6
192,192_b,9,6
192,192_b,10,6
192,192_b,11,6
192,192_b,12,6
193,193_a,1,6
193,193_a,2,5
193,193_a,3,1
193,193_a,4,5
193,193_a,5,4
193,193_a,6,6
193,193_a,7,6
193,193_a,8,6
193,193_a,9,3
193,193_a,10,3
193,193_a,11,6
193,193_a,12,5
193,193_b,1,2
193,193_b,2,4
193,193_b,3,5
193,193_b,4,5
193,193_b,5,3
193,193_b,6,1
193,193_b,7,5
193,193_b,8,2
193,193_b,9,6
193,193_b,10,4
193,193_b,11,3
193,193_b,12,1
194,194_a,1,3
194,194_a,2,3
194,194_a,3,3
194,194_a,4,5
194,194_a,5,5
194,194_a,6,4
194,194_a,7,4
194,194_a,8,3
194,194_a,9,1
194,194_a,10,6
194,194_a,11,5
194,194_a,12,2
194,194_b,1,5
194,194_b,2,5
194,194_b,3,3
194,194_b,4,3
194,194_b,5,5
194,194_b,6,3
194,194_b,7,4
194,194_b,8,5
194,194_b,9,6
194,194_b,10,1
194,194_b,11,5
194,194_b,12,3
195,195_a,1,4
195,195_a,2,6
195,195_a,3,2
195,195_a,4,3
195,195_a,5,6
195,195_a,6,5
195,195_a,7,4
195,195_a,8,5
195,195_a,9,2
195,195_a,10,5
195,195_a,11,3
195,195_a,12,5
195,195_b,1,3
195,195_b,2,5
195,195_b,3,5
195,195_b,4,2
195,195_b,5,2
195,195_b,6,3
195,195_b,7,2
195,195_b,8,3
195,195_b,9,4
195,195_b,10,4
195,195_b,11,6
195,195_b,12,2
196,196_a,1,4
196,196_a,2,1
196,196_a,3,1
196,196_a,4,1
196,196_a,5,5
196,196_a,6,1
196,196_a,7,1
196,196_a,8,1
196,196_a,9,4
196,196_a,10,4
196,196_a,11,3
196,196_a,12,6
196,196_b,1,5
196,196_b,2,4
196,196_b,3,2
196,196_b,4,4
196,196_b,5,4
196,196_b,6,3
196,196_b,7,6
196,196_b,8,4
196,196_b,9,1
196,196_b,10,3
196,196_b,11,3
196,196_b,12,6
197,197_a,1,5
197,197_a,2,4
197,197_a,3,4
197,197_a,4,3
197,197_a,5,6
197,197_a,6,6
197,197_a,7,6
197,197_a,8,2
197,197_a,9,4
197,197_a,10,5
197,197_a,11,3
197,197_a,12,2
197,197_b,1,6
197,197_b,2,4
197,197_b,3,2
197,197_b,4,6
197,197_b,5,5
197,197_b,6,5
197,197_b,7,4
197,197_b,8,5
197,197_b,9,6
197,197_b,10,5
197,197_b,11,5
197,197_b,12,1
198,198_a,1,4
198,198_a,2,2
198,198_a,3,5
198,198_a,4,6
198,198_a,5,4
198,198_a,6,6
198,198_a,7,4
198,198_a,8,3
198,198_a,9,1
198,198_a,10,6
198,198_a,11,2
198,198_a,12,6
198,198_b,1,1
198,198_b,2,2
198,198_b,3,6
198,198_b,4,3
198,198_b,5,5
198,198_b,6,1
198,198_b,7,5
198,198_b,8,4
198,198_b,9,5
198,198_b,10,5
198,198_b,11,5
198,198_b,12,1
199,199_a,1,1
199,199_a,2,5
199,199_a,3,4
199,199_a,4,6
199,199_a,5,4
199,199_a,6,6
199,199_a,7,4
199,199_a,8,6
199,199_a,9,6
199,199_a,10,2
199,199_a,11,6
199,199_a,12,6
199,199_b,1,6
199,199_b,2,1
199,199_b,3,3
199,199_b,4,2
199,199_b,5,1
199,199_b,6,1
199,199_b,7,6
199,199_b,8,4
199,199_b,9,3
199,199_b,10,6
199,199_b,11,1
199,199_b,12,3
200,200_a,1,3
200,200_a,2,5
200,200_a,3,1
200,200_a,4,1
200,200_a,5,5
200,200_a,6,5
200,200_a,7,6
200,200_a,8,6
200,200_a,9,6
200,200_a,10,6
200,200_a,11,2
200,200_a,12,3
200,200_b,1,1
200,200_b,2,5
200,200_b,3,1
200,200_b,4,3
200,200_b,5,5
200,200_b,6,5
200,200_b,7,6
200,200_b,8,4
200,200_b,9,4
200,200_b,10,2
200,200_b,11,5
200,200_b,12,3
201,201_a,1,6
201,201_a,2,2
201,201_a,3,4
201,201_a,4,6
201,201_a,5,5
201,201_a,6,3
201,201_a,7,5
201,201_a,8,2
201,201_a,9,5
201,201_a,10,4
201,201_a,11,3
201,201_a,12,4
201,201_b,1,4
201,201_b,2,5
201,201_b,3,2
201,201_b,4,3
201,201_b,5,3
201,201_b,6,3
201,201_b,7,2
201,201_b,8,4
201,201_b,9,3
201,201_b,10,1
201,201_b,11,6
201,201_b,12,4
202,202_a,1,5
202,202_a,2,6
202,202_a,3,4
202,202_a,4,5
202,202_a,5,3
202,202_a,6,6
202,202_a,7,3
202,202_a,8,6
202,202_a,9,4
202,202_a,10,5
202,202_a,11,4
202,202_a,12,5
202,202_b,1,6
202,202_b,2,3
202,202_b,3,1
202,202_b,4,2
202,202_b,5,2
202,202_b,6,6
202,202_b,7,4
202,202_b,8,3
202,202_b,9,3
202,202_b,10,5
202,202_b,11,5
202,202_b,12,3
203,203_a,1,4
203,203_a,2,6
203,203_a,3,2
203,203_a,4,2
203,203_a,5,1
203,203_a,6,1
203,203_a,7,4
203,203_a,8,4
203,203_a,9,3
203,203_a,10,2
203,203_a,11,3
203,203_a,12,1
203,203_b,1,4
203,203_b,2,4
203,203_b,3,5
203,203_b,4,3
203,203_b,5,2
203,203_b,6,5
203,203_b,7,4
203,203_b,8,4
203,203_b,9,5
203,203_b,10,4
203,203_b,11,3
203,203_b,12,5
204,204_a,1,5
204,204_a,2,6
204,204_a,3,4
204,204_a,4,6
204,204_a,5,6
204,204_a,6,5
204,204_a,7,5
204,204_a,8,4
204,204_a,9,5
204,204_a,10,6
204,204_a,11,5
204,204_a,12,4
204,204_b,1,5
204,204_b,2,3
204,204_b,3,6
204,204_b,4,5
204,204_b,5,5
204,204_b,6,6
204,204_b,7,6
204,204_b,8,6
204,204_b,9,4
204,204_b,10,5
204,204_b,11,6
204,204_b,12,5
205,205_a,1,5
205,205_a,2,4
205,205_a,3,6
205,205_a,4,6
205,205_a,5,1
205,205_a,6,1
205,205_a,7,1
205,205_a,8,5
205,205_a,9,4
205,205_a,10,3
205,205_a,11,4
205,205_a,12,5
205,205_b,1,1
205,205_b,2,3
205,205_b,3,2
205,205_b,4,5
205,205_b,5,1
205,205_b,6,3
205,205_b,7,6
205,205_b,8,1
205,205_b,9,6
205,205_b,10,5
205,205_b,11,6
205,205_b,12,3
206,206_a,1,5
206,206_a,2,5
206,206_a,3,1
206,206_a,4,2
206,206_a,5,3
206,206_a,6,1
206,206_a,7,2
206,206_a,8,3
206,206_a,9,3
206,206_a,10,6
206,206_a,11,3
206,206_a,12,1
206,206_b,1,4
206,206_b,2,5
206,206_b,3,2
206,206_b,4,4
206,206_b,5,6
206,206_b,6,5
206,206_b,7,4
206,206_b,8,3
206,206_b,9,5
206,206_b,10,2
206,206_b,11,1
206,206_b,12,6
